draw,rare_count,Current_IQR,Current_supp,Current_ent,Current_cov,Current_width,1M_IQR,1M_supp,1M_ent,1M_cov,1M_width,3M_IQR,3M_supp,3M_ent,3M_cov,3M_width,6M_IQR,6M_supp,6M_ent,6M_cov,6M_width
0,22,0.0944,5.2434,0.7558,89.231,9.029,0.073,7.6076,0.788,87.5,10.127,0.0708,10.0638,1.0603,85.484,14.936,0.0814,8.6847,0.7731,71.186,14.279
1,24,0.185,5.3449,0.8377,89.231,9.879,0.0837,8.2051,0.811,87.5,12.939,0.0811,10.5751,0.984,88.71,18.934,0.0851,10.3548,0.9484,72.881,18.296
2,23,0.1301,6.5087,0.7014,89.231,9.164,0.1033,6.0019,0.6616,87.5,8.05,0.0907,10.1754,0.8433,87.097,16.213,0.0639,9.1211,0.8951,71.186,16.156
3,19,0.1404,5.5833,0.72,89.231,9.656,0.0784,7.4496,0.7829,87.5,10.681,0.0861,10.4703,0.8364,88.71,18.224,0.1009,8.9005,0.9886,71.186,16.507
4,22,0.1465,4.6001,0.7155,89.231,8.893,0.0806,6.2454,0.6965,87.5,8.955,0.0853,9.8891,0.7079,85.484,15.195,0.0917,9.4536,1.2672,71.186,15.517
5,19,0.1044,4.4649,0.6831,89.231,7.899,0.0816,7.0956,0.7336,87.5,9.453,0.0838,10.4871,0.8308,88.71,18.94,0.0869,15.2077,0.9682,76.271,20.645
6,15,0.1204,5.662,0.7016,89.231,8.907,0.0908,7.8793,0.7321,87.5,10.75,0.0919,10.3471,0.8368,85.484,15.933,0.088,11.4719,0.929,72.881,19.402
7,17,0.1151,5.3824,1.3112,89.231,8.991,0.0826,7.8843,0.6809,87.5,9.991,0.0847,10.077,0.6765,85.484,12.832,0.0998,8.8893,0.8399,71.186,14.917
8,19,0.1447,4.4153,0.6906,89.231,8.379,0.072,8.5438,0.7932,87.5,13.242,0.0667,10.3055,1.0047,85.484,16.677,0.0701,10.5296,0.8552,72.881,15.035
9,15,0.141,4.3142,0.6605,89.231,8.486,0.1028,5.6736,0.8162,87.5,7.896,0.0865,10.4119,0.8197,87.097,16.917,0.0661,10.6193,0.9042,72.881,16.641
10,16,0.118,4.8608,0.7433,89.231,8.903,0.0726,9.9874,0.8107,87.5,13.611,0.0879,10.4101,0.7339,85.484,14.061,0.0667,10.3798,0.9252,72.881,16.137
11,18,0.1434,5.1457,0.7005,89.231,8.863,0.1021,8.1829,0.8378,87.5,12.406,0.1116,10.6405,0.894,88.71,18.594,0.0948,12.9771,1.041,74.576,20.578
12,16,0.0935,4.4139,0.6553,89.231,7.164,0.0684,8.2208,0.7851,87.5,12.017,0.0813,10.1513,0.7241,85.484,15.106,0.0693,9.7919,0.8785,72.881,16.169
13,19,0.148,5.3978,0.7282,89.231,8.983,0.0682,7.8124,0.7735,87.5,10.756,0.0764,11.2755,0.9084,88.71,21.204,0.0807,14.6122,0.9357,76.271,21.172
14,25,0.2157,5.3941,0.7923,89.231,9.375,0.0852,8.2567,0.8102,87.5,12.063,0.1175,10.6472,0.9654,88.71,18.711,0.0876,9.3449,0.9867,71.186,17.26
15,23,0.157,5.5377,0.7542,89.231,9.045,0.0918,8.028,0.7881,87.5,12.682,0.0896,10.4217,1.0845,88.71,19.178,0.0882,11.4887,1.0518,74.576,19.91
16,23,0.2296,6.2505,0.9857,89.231,9.848,0.1489,8.3179,0.9151,87.5,13.024,0.1105,10.8999,0.8978,88.71,21.632,0.0802,10.8926,1.0425,72.881,18.922
17,16,0.1231,4.0989,0.5864,89.231,6.763,0.0826,7.8128,0.7423,87.5,9.009,0.0788,8.3271,0.7858,85.484,13.261,0.1152,16.9639,1.066,76.271,24.464
18,19,0.1548,5.3947,0.6837,89.231,9.116,0.1135,8.2531,0.9553,87.5,10.765,0.0968,10.5928,0.7908,88.71,21.499,0.0928,14.2504,1.081,76.271,19.948
19,18,0.132,5.2683,0.7236,89.231,8.906,0.0987,6.7805,0.7844,87.5,8.26,0.0934,10.6094,0.8063,87.097,15.708,0.0634,11.7025,0.9988,72.881,17.568
20,21,0.1467,6.69,0.8302,89.231,9.746,0.1033,8.7952,0.9007,87.5,15.568,0.0939,10.3839,0.8862,88.71,17.12,0.0723,10.9106,0.9655,72.881,19.841
21,17,0.1726,4.7728,0.8,89.231,9.346,0.0991,9.0079,0.8364,87.5,14.567,0.0737,10.7701,0.7466,87.097,16.609,0.0678,10.5147,0.9482,72.881,16.76
22,29,0.1477,4.9255,0.7795,89.231,9.169,0.0885,9.9784,0.8216,87.5,14.086,0.0733,10.1959,0.7981,87.097,14.628,0.0754,11.0281,0.9534,74.576,19.942
23,16,0.1086,4.4121,0.7359,89.231,6.429,0.0715,4.9816,0.6248,85.938,7.22,0.0679,10.2194,0.6875,85.484,15.299,0.0581,7.7705,0.8156,71.186,12.719
24,20,0.1351,5.7167,0.8164,89.231,9.522,0.0746,8.2947,0.8687,87.5,9.914,0.0873,10.5095,0.784,88.71,17.674,0.0749,7.1547,0.8403,71.186,12.998
25,17,0.13,5.3669,1.3238,89.231,9.414,0.0635,9.0532,0.7508,87.5,14.818,0.0853,10.4681,0.9994,87.097,17.614,0.0789,7.9573,0.891,71.186,14.306
26,17,0.125,4.9635,0.7025,89.231,8.864,0.0734,7.755,0.7437,87.5,10.205,0.1034,10.5736,0.8263,88.71,20.651,0.0642,10.3389,1.3337,72.881,16.765
27,22,0.1518,4.8345,0.7946,89.231,9.178,0.0849,9.2624,0.8117,87.5,14.467,0.0752,10.5404,0.8055,88.71,21.235,0.0847,10.3496,0.9795,72.881,17.713
28,22,0.1421,3.891,0.7285,87.692,5.993,0.1075,7.5444,0.7215,87.5,9.819,0.0755,10.1619,0.7907,87.097,17.047,0.1006,9.5162,0.9835,71.186,17.457
29,20,0.1413,5.2679,0.7118,89.231,9.357,0.0834,7.4287,0.6317,87.5,8.572,0.0709,10.4314,0.6994,87.097,17.259,0.0702,11.218,0.9459,72.881,19.699
30,15,0.1234,4.069,1.0676,89.231,7.328,0.0778,7.5988,0.6453,87.5,7.89,0.0766,7.8022,0.7703,85.484,9.447,0.0673,9.3904,0.9257,71.186,14.893
31,20,0.156,5.7046,1.3403,89.231,9.458,0.0874,8.1797,0.8229,87.5,12.168,0.0929,10.3429,0.8196,85.484,16.361,0.0722,8.4174,0.8801,71.186,14.961
32,23,0.1878,5.9305,0.7333,89.231,9.288,0.1049,8.0555,0.9503,87.5,12.438,0.0796,10.9376,1.0697,88.71,21.956,0.0813,12.7975,1.0629,74.576,19.806
33,22,0.1513,4.9587,0.8297,89.231,8.882,0.0826,7.0437,0.7729,87.5,10.106,0.0911,10.8283,0.7858,88.71,19.946,0.0747,12.5088,1.0529,74.576,19.642
34,21,0.1177,4.5464,0.6926,89.231,8.687,0.0825,8.5713,0.8313,87.5,10.694,0.0733,10.3539,1.0455,87.097,16.96,0.0744,9.5408,0.9049,72.881,14.195
35,24,0.1415,4.1156,0.6903,89.231,7.88,0.0898,7.2542,0.613,87.5,8.098,0.0704,10.2502,0.9194,88.71,17.501,0.07,14.4567,1.0282,74.576,19.222
36,20,0.1427,5.7105,0.7568,89.231,9.907,0.076,9.4361,0.8139,87.5,11.864,0.085,10.5729,0.8844,87.097,16.681,0.0838,10.3392,0.9217,72.881,17.002
37,24,0.1413,4.4044,1.3028,89.231,8.469,0.0681,8.2225,0.7589,87.5,10.058,0.0757,10.319,0.8592,88.71,19.154,0.0846,15.1017,1.0249,76.271,18.929
38,23,0.1473,4.5979,1.2282,89.231,8.207,0.0805,8.906,0.8219,87.5,14.887,0.0706,10.265,0.7538,85.484,14.181,0.0911,14.6383,0.9798,74.576,19.642
39,23,0.1282,4.8815,1.2982,89.231,9.171,0.0783,8.3382,0.7508,87.5,15.027,0.0975,10.5632,0.8289,88.71,17.974,0.0924,9.5852,1.0466,72.881,14.554
40,17,0.1483,5.5196,0.7443,89.231,9.447,0.0661,7.0322,0.8003,87.5,9.34,0.0943,10.3585,0.9104,88.71,18.857,0.0944,7.0923,1.0296,71.186,12.063
41,20,0.1175,5.3465,0.7014,89.231,9.665,0.0941,8.8767,0.8871,87.5,12.986,0.0866,10.2348,0.8959,87.097,16.421,0.0805,9.287,0.8607,72.881,13.923
42,20,0.1107,4.0085,1.2959,89.231,6.859,0.0964,4.8534,0.5769,85.938,7.441,0.0726,10.3663,0.7654,88.71,17.52,0.069,10.4917,1.0328,74.576,19.283
43,21,0.1356,4.6997,0.7235,89.231,8.945,0.0817,7.0271,0.738,87.5,8.997,0.0717,10.1498,0.739,87.097,17.065,0.0683,9.4924,0.8938,71.186,15.651
44,26,0.1359,4.9044,0.7966,89.231,8.929,0.0663,8.3729,0.7161,87.5,9.379,0.0764,10.2902,0.9657,85.484,15.593,0.0746,10.2475,1.3585,72.881,18.435
45,16,0.0924,4.2734,0.9681,87.692,6.317,0.0812,8.2008,0.8098,87.5,8.393,0.066,8.3054,0.9083,85.484,11.839,0.0861,9.9967,0.84,72.881,14.993
46,14,0.105,4.374,1.0747,89.231,8.249,0.0769,8.2232,0.7032,87.5,8.712,0.0834,9.6973,0.6762,85.484,9.998,0.0635,6.374,0.8153,69.492,12.092
47,18,0.1592,5.2683,0.7798,89.231,8.603,0.0909,9.7745,0.819,87.5,13.315,0.0922,10.196,0.866,85.484,12.192,0.095,10.5234,0.9228,72.881,17.183
48,17,0.1206,4.7989,1.0695,89.231,8.495,0.0777,7.3723,0.6386,87.5,8.885,0.0648,11.9805,0.7632,88.71,20.659,0.0741,9.944,0.9088,72.881,17.163
49,23,0.1294,4.4893,1.2577,89.231,8.747,0.0681,6.3483,0.6681,87.5,8.719,0.0727,10.5163,0.7395,87.097,17.565,0.0821,7.632,0.7757,71.186,13.472
50,17,0.1285,4.8363,0.6258,89.231,8.95,0.1158,7.6142,0.809,87.5,10.714,0.0746,9.7607,1.0687,85.484,14.394,0.0911,9.6521,0.8769,72.881,14.289
51,27,0.1506,4.4926,0.6916,89.231,8.802,0.0863,8.2214,0.9033,87.5,11.654,0.0776,10.1862,1.0011,88.71,18.741,0.0801,10.708,1.0025,72.881,18.843
52,20,0.0831,4.2985,0.8381,89.231,6.689,0.0675,8.2672,0.562,87.5,8.136,0.0681,10.0921,0.8215,85.484,14.355,0.0931,9.4755,0.7929,71.186,14.783
53,18,0.1339,4.5442,0.7627,89.231,8.586,0.0695,7.2529,0.889,87.5,8.803,0.0704,10.1541,0.759,85.484,12.856,0.0688,7.3703,0.817,71.186,13.024
54,20,0.1927,6.0048,0.7298,89.231,9.512,0.108,8.2909,0.7608,87.5,11.219,0.0957,11.0402,0.8498,88.71,19.698,0.1154,14.8252,1.0805,76.271,21.269
55,19,0.1344,5.1128,0.7752,89.231,9.216,0.0781,7.4603,0.8207,87.5,10.243,0.0772,10.967,0.7949,88.71,20.374,0.0811,10.9617,0.8924,72.881,16.987
56,18,0.0826,4.3705,0.6121,89.231,6.959,0.0906,7.0415,0.8179,87.5,9.284,0.0925,8.0697,0.7259,85.484,14.04,0.0792,8.6714,0.8092,71.186,13.785
57,20,0.1334,3.9522,0.9179,89.231,7.916,0.0738,7.8675,0.6835,87.5,8.772,0.082,11.0645,1.0021,88.71,22.805,0.0826,10.7831,0.9694,72.881,18.618
58,19,0.1465,5.3499,0.6881,89.231,9.248,0.1146,8.2973,0.8216,87.5,12.532,0.0901,10.143,0.789,85.484,15.658,0.0955,12.1561,0.9233,72.881,19.78
59,22,0.168,6.5282,0.9243,89.231,10.383,0.0942,8.4987,0.997,87.5,14.002,0.1002,13.4111,0.9093,88.71,22.887,0.1008,10.3795,1.1306,72.881,18.058
60,22,0.1388,5.2037,0.8787,89.231,9.568,0.0784,8.2458,0.8282,87.5,11.44,0.0839,10.6358,0.8836,88.71,20.588,0.0825,14.5724,0.9379,74.576,21.547
61,24,0.1996,5.5927,0.6736,89.231,9.193,0.0899,7.3151,0.7697,87.5,8.933,0.1047,10.3836,0.8553,88.71,18.725,0.1063,9.5666,0.9849,71.186,16.553
62,17,0.1391,4.8019,0.574,89.231,8.216,0.0899,5.8154,0.6982,87.5,8.297,0.0766,10.0241,0.7472,87.097,16.055,0.0747,10.8688,0.9054,72.881,17.815
63,22,0.145,4.3256,1.1094,89.231,8.567,0.0883,9.6918,0.7975,87.5,15.31,0.0966,10.4286,0.7747,88.71,21.157,0.0742,15.7617,0.9992,76.271,21.248
64,19,0.1197,5.2546,0.7812,89.231,9.139,0.0724,7.4015,0.9194,87.5,9.812,0.081,10.3776,1.0302,88.71,17.63,0.0742,9.9605,0.8341,72.881,14.535
65,25,0.1626,5.578,0.7536,89.231,9.508,0.1054,10.6802,0.7949,87.5,12.311,0.0915,13.8779,0.896,88.71,23.46,0.0923,9.9114,0.8768,72.881,17.265
66,23,0.1487,4.4919,0.6794,89.231,7.902,0.0881,9.5192,0.7968,87.5,14.32,0.0806,10.2571,0.822,88.71,16.586,0.0798,10.2842,0.963,72.881,17.071
67,19,0.1477,4.3982,0.7523,89.231,9.026,0.0699,7.0478,0.8593,87.5,7.626,0.0905,10.7124,0.7801,88.71,18.528,0.0741,15.104,1.0307,76.271,20.52
68,19,0.1362,5.3843,1.2395,89.231,9.295,0.0861,9.389,0.7717,87.5,12.297,0.0828,10.4294,0.7076,87.097,16.075,0.0863,14.3597,0.9466,74.576,19.837
69,16,0.1282,5.1077,0.756,89.231,8.923,0.0692,8.4829,0.7381,87.5,13.121,0.0798,8.6625,0.6145,85.484,10.26,0.0828,10.7041,0.9448,72.881,16.437
70,19,0.1322,4.4026,0.8,89.231,8.064,0.0793,8.2602,0.7085,87.5,10.999,0.0933,8.569,0.7376,85.484,12.567,0.0889,15.3444,0.9568,74.576,19.172
71,23,0.1648,5.6713,0.7385,89.231,9.685,0.0746,7.8248,0.8704,87.5,9.493,0.1041,10.4127,0.8054,88.71,18.92,0.1069,9.6108,0.9309,71.186,16.198
72,23,0.1466,4.8613,1.3013,89.231,8.991,0.0762,8.7633,0.8569,87.5,13.987,0.0946,10.4947,1.0773,88.71,18.76,0.1048,11.4887,1.0798,72.881,20.356
73,19,0.1712,4.7421,0.7454,89.231,9.218,0.091,7.7025,0.838,87.5,12.686,0.0888,11.0891,0.8691,88.71,20.335,0.0963,12.2081,1.0144,72.881,20.296
74,24,0.14,5.0117,0.8201,89.231,9.459,0.0822,8.4708,0.7498,87.5,11.5,0.0955,10.5615,0.8285,88.71,18.415,0.0969,11.005,1.1328,72.881,19.578
75,22,0.1534,5.1829,0.8003,89.231,9.159,0.0706,7.5863,0.7735,87.5,10.856,0.0694,10.6678,0.8158,88.71,20.64,0.0799,10.3356,1.0066,72.881,17.4
76,22,0.141,5.7919,1.1898,89.231,9.113,0.0646,8.4942,0.8238,87.5,13.206,0.0778,11.0508,0.913,88.71,22.54,0.0773,10.4818,0.9053,72.881,19.242
77,15,0.1288,5.3727,0.6082,89.231,8.953,0.0912,7.0349,0.7173,87.5,8.063,0.0708,8.0998,0.735,85.484,12.889,0.0772,9.8602,0.8489,72.881,16.28
78,26,0.1402,6.5575,0.7765,89.231,10.006,0.0787,8.1478,0.7258,87.5,10.145,0.0765,10.6746,1.0071,88.71,20.216,0.0928,10.5327,1.0198,72.881,18.202
79,18,0.1273,4.2485,0.6283,89.231,8.158,0.0798,6.7877,0.8123,87.5,8.504,0.09,14.886,0.8559,88.71,20.658,0.092,7.512,1.1137,71.186,12.74
80,23,0.2244,5.3072,0.7542,89.231,9.607,0.0937,7.7959,0.8078,87.5,11.296,0.091,10.2748,0.7802,87.097,16.917,0.0779,8.3457,0.964,71.186,14.477
81,18,0.1399,4.9999,0.6808,89.231,8.664,0.0692,7.8337,0.7863,87.5,12.263,0.0779,10.848,0.707,88.71,19.198,0.0813,10.5829,1.176,72.881,15.166
82,12,0.0935,4.8797,0.8261,87.692,6.426,0.0757,6.9517,0.8053,87.5,9.768,0.079,9.9881,0.845,85.484,16.101,0.0787,8.4417,0.9556,71.186,14.205
83,20,0.1447,6.5294,0.798,89.231,9.326,0.1019,7.2072,0.8109,87.5,9.132,0.0733,9.1809,0.8878,85.484,13.191,0.0862,14.4377,0.916,74.576,20.162
84,18,0.1137,4.8016,0.753,89.231,8.656,0.0939,6.875,0.6812,85.938,7.433,0.0816,10.2942,0.7214,85.484,14.705,0.0947,10.4931,0.9123,72.881,16.387
85,19,0.1327,6.1404,0.692,89.231,9.29,0.0709,8.7589,0.8602,87.5,11.258,0.1011,10.3048,0.8121,87.097,16.779,0.0721,14.2404,0.9273,74.576,19.517
86,21,0.1211,4.8619,0.7987,89.231,8.967,0.0837,6.8818,0.8907,87.5,9.374,0.0963,10.4947,1.0275,87.097,17.75,0.0786,15.0834,0.9008,74.576,19.796
87,23,0.1428,5.0996,0.7357,89.231,8.502,0.0751,8.9015,0.8463,87.5,13.929,0.0717,10.5997,0.9328,85.484,16.659,0.0881,8.8348,0.9548,71.186,14.551
88,22,0.1473,6.2289,0.7985,89.231,9.245,0.0892,8.3729,0.7774,87.5,11.253,0.0775,10.36,0.7303,87.097,17.992,0.0692,9.2534,1.2499,71.186,14.744
89,15,0.117,4.4736,0.8843,89.231,7.025,0.0962,6.9222,0.5769,87.5,7.843,0.0812,10.3042,0.6581,85.484,13.426,0.083,10.6092,0.9097,72.881,15.242
90,21,0.1275,5.609,0.7911,89.231,9.248,0.0845,7.2272,0.698,87.5,9.217,0.0874,10.3149,0.7347,85.484,16.197,0.0944,7.9034,0.9647,71.186,13.348
91,17,0.1296,4.39,0.6021,89.231,7.549,0.0785,7.7768,0.7857,87.5,9.07,0.0704,11.9595,0.9387,87.097,17.106,0.0852,11.4522,1.0446,72.881,20.582
92,21,0.1433,4.8628,0.7126,89.231,9.2,0.0647,7.7938,0.7697,87.5,11.366,0.0709,10.3826,0.8173,88.71,16.85,0.0919,12.2197,0.956,72.881,20.738
93,16,0.1315,4.3463,0.6569,89.231,7.836,0.084,7.1951,0.8085,87.5,8.325,0.0866,10.3006,0.9637,85.484,16.826,0.1066,6.4338,0.8622,69.492,13.156
94,18,0.1523,5.4123,0.7764,89.231,9.585,0.0918,7.5034,0.735,87.5,11.139,0.0752,10.5198,0.8821,88.71,18.395,0.0863,10.0785,0.884,72.881,16.358
95,19,0.1246,6.496,0.8039,89.231,10.009,0.0733,7.5545,0.803,87.5,11.9,0.0902,10.8054,0.8726,88.71,19.642,0.0917,11.4357,0.978,72.881,19.013
96,18,0.1599,5.301,0.705,89.231,8.645,0.1034,8.1571,0.8892,87.5,12.666,0.0855,10.6608,0.8834,88.71,18.124,0.0964,10.2876,1.086,72.881,17.048
97,22,0.1528,4.8179,1.3643,89.231,9.026,0.0857,7.9157,0.8308,87.5,9.69,0.0876,10.913,0.8892,88.71,21.159,0.0844,10.1906,0.9867,72.881,16.572
98,22,0.1443,5.2631,0.6531,89.231,7.689,0.0717,7.8295,0.8488,87.5,12.086,0.0745,10.4132,1.0343,88.71,19.478,0.0964,12.2131,1.0125,72.881,19.233
99,23,0.131,4.6657,1.1476,89.231,8.681,0.0683,7.4006,0.8422,87.5,11.44,0.0746,9.6194,0.7633,85.484,14.72,0.0914,10.2232,0.8588,72.881,15.258
100,16,0.1387,4.6925,0.6703,89.231,8.424,0.0819,9.1799,0.6758,87.5,9.775,0.0654,8.4067,0.6818,85.484,10.758,0.0769,9.6394,0.9841,72.881,15.267
101,21,0.1127,4.6888,1.3577,89.231,8.666,0.0746,7.7283,0.7155,87.5,10.173,0.0617,10.307,0.8344,85.484,16.937,0.0853,7.2719,0.8714,71.186,12.775
102,20,0.0825,4.0098,0.6,89.231,6.839,0.0706,7.7369,0.6638,87.5,9.804,0.0799,10.1197,0.7468,85.484,14.548,0.08,8.7571,0.716,71.186,13.917
103,17,0.1076,5.3726,1.0095,89.231,9.311,0.0632,7.9144,0.6849,87.5,9.409,0.0803,10.2842,0.6927,87.097,16.979,0.0716,9.235,0.7684,71.186,14.018
104,20,0.1058,4.4004,0.5809,89.231,6.966,0.0975,7.3202,0.5475,87.5,8.876,0.0824,9.6796,0.8727,85.484,11.337,0.0782,8.837,0.7827,71.186,13.761
105,12,0.0987,4.4449,0.5784,89.231,7.744,0.0729,7.7232,0.7601,87.5,8.988,0.0813,9.9403,0.6408,85.484,12.701,0.0646,6.4903,0.7754,69.492,11.907
106,22,0.1416,4.0985,1.2471,89.231,8.037,0.075,7.2874,0.8141,87.5,10.101,0.0903,10.6553,0.7711,88.71,19.741,0.071,11.6645,0.9409,72.881,18.217
107,23,0.1509,4.7055,1.3414,89.231,9.522,0.0789,9.7458,0.8653,87.5,14.929,0.0807,10.6816,0.8819,88.71,20.705,0.0877,8.9284,0.9685,71.186,16.661
108,20,0.1104,4.571,0.7239,89.231,7.002,0.0718,6.9203,0.6997,87.5,8.541,0.0808,10.5084,0.8097,88.71,18.18,0.0965,7.0733,0.8505,69.492,13.15
109,17,0.1368,4.2941,0.7218,89.231,8.02,0.0684,9.1501,0.7476,87.5,10.259,0.0744,8.8603,0.7013,85.484,12.024,0.0896,9.6811,0.9784,72.881,15.97
110,15,0.1031,5.3127,0.6705,89.231,8.453,0.0759,8.1823,0.6628,87.5,8.881,0.0789,7.4146,0.8395,85.484,9.223,0.0801,5.1025,1.1023,67.797,10.953
111,21,0.0843,6.0417,0.7005,89.231,8.923,0.0773,8.7954,0.8248,87.5,11.783,0.0773,10.9346,0.842,88.71,17.985,0.0852,8.3874,0.8935,71.186,14.319
112,22,0.1602,5.2394,0.759,89.231,9.087,0.101,8.4997,0.83,87.5,12.307,0.0826,10.4746,0.893,87.097,17.567,0.076,10.8159,0.9144,72.881,17.604
113,20,0.1481,5.3349,0.7075,89.231,9.041,0.0946,7.435,0.7121,87.5,9.448,0.0889,10.4346,0.7901,88.71,19.948,0.0965,10.5858,0.8834,72.881,16.534
114,17,0.1255,5.0698,0.6345,89.231,8.964,0.0649,7.1024,0.6681,87.5,8.641,0.1002,10.2266,0.6758,85.484,15.172,0.0764,9.0442,1.1271,71.186,14.727
115,21,0.1598,4.4696,0.7134,89.231,8.331,0.0839,9.4089,0.8218,87.5,14.093,0.0923,11.0217,0.7991,87.097,16.78,0.0785,10.8851,0.9145,72.881,16.899
116,18,0.1073,5.2365,0.7087,89.231,9.173,0.0775,7.285,0.931,87.5,9.113,0.0915,9.4816,1.0851,85.484,15.028,0.093,6.8588,0.8875,69.492,12.496
117,15,0.1244,5.2089,0.6032,89.231,7.118,0.075,7.0488,0.7923,87.5,9.444,0.0881,14.3404,0.8492,88.71,21.69,0.0898,10.929,0.9637,72.881,19.239
118,21,0.1324,5.2449,0.7482,89.231,8.489,0.0875,7.7707,0.7701,87.5,10.391,0.0898,10.2672,0.9353,87.097,17.164,0.1015,15.6216,0.9891,77.966,21.088
119,26,0.1142,4.724,0.6906,89.231,9.147,0.064,9.9046,0.8806,87.5,15.183,0.0753,10.1411,0.7834,87.097,16.804,0.0835,7.7098,0.8444,71.186,13.25
120,22,0.1247,5.6094,0.7251,89.231,9.261,0.0628,6.2724,0.6649,87.5,8.331,0.0851,10.7124,0.8056,88.71,20.137,0.081,10.3231,0.9417,72.881,17.576
121,23,0.1972,5.3095,1.2882,89.231,9.174,0.0673,7.4342,0.7684,87.5,9.56,0.0692,10.1453,0.8452,85.484,13.914,0.0708,6.2407,1.2049,69.492,11.872
122,23,0.139,4.6184,0.6015,89.231,8.614,0.073,8.2198,0.7981,87.5,11.117,0.0715,10.0228,0.6703,85.484,16.197,0.0755,8.0039,0.8913,71.186,13.866
123,17,0.1464,5.868,0.7082,89.231,8.938,0.097,7.3741,0.8053,87.5,12.772,0.0722,10.1079,0.7564,87.097,16.238,0.0818,9.0726,1.0495,71.186,15.316
124,18,0.1329,4.3837,0.6978,89.231,8.744,0.0786,7.6564,0.674,87.5,10.318,0.0822,10.2553,0.6086,85.484,11.878,0.0773,7.8151,0.9671,71.186,13.755
125,19,0.1158,4.5024,0.72,89.231,6.905,0.0707,8.0422,0.8588,87.5,12.27,0.0827,7.3677,0.7666,85.484,10.022,0.0816,12.1032,0.7923,72.881,16.914
126,24,0.1344,4.6104,0.7051,89.231,8.154,0.1154,7.7169,0.7534,87.5,9.795,0.0992,10.4391,0.7968,85.484,17.488,0.1016,9.9553,0.9084,72.881,14.647
127,22,0.1679,5.6285,0.7051,89.231,8.967,0.0679,8.8295,0.8506,87.5,12.676,0.0952,11.0577,1.2317,88.71,22.782,0.0864,10.8447,1.0228,72.881,18.632
128,20,0.1396,6.2349,0.751,89.231,9.706,0.0799,7.8263,0.7806,87.5,11.906,0.0867,10.1646,0.8173,85.484,16.209,0.0693,12.9791,0.9398,74.576,19.676
129,17,0.1281,4.9216,1.0055,89.231,8.901,0.0762,8.1144,0.7015,87.5,10.387,0.0718,10.7529,0.8278,88.71,19.942,0.0767,15.5412,0.9409,76.271,19.134
130,22,0.1445,4.7947,0.8102,89.231,9.016,0.0802,8.2219,0.8953,87.5,11.01,0.0963,10.506,0.8486,88.71,17.915,0.0917,8.6034,0.9839,71.186,14.388
131,22,0.1138,4.3213,0.7153,89.231,6.909,0.0751,9.2142,0.7452,87.5,13.576,0.1019,10.1902,0.7852,85.484,17.509,0.0739,8.7342,0.9439,71.186,16.223
132,19,0.1239,4.4964,0.7988,89.231,7.932,0.0792,9.655,0.8187,87.5,11.54,0.0765,10.5769,0.7542,85.484,16.156,0.07,8.767,0.8851,71.186,14.804
133,16,0.1246,4.2447,0.6092,89.231,8.079,0.0875,6.0382,0.588,85.938,6.985,0.0828,10.5018,0.7186,88.71,17.763,0.0842,9.9071,0.813,72.881,15.834
134,21,0.1379,4.9072,0.7366,89.231,8.68,0.082,5.9704,0.7396,87.5,8.364,0.0846,10.2048,0.7557,87.097,17.075,0.0867,9.6925,0.9096,72.881,14.44
135,19,0.1291,4.5745,0.6022,89.231,7.961,0.0865,9.2428,0.7458,87.5,11.945,0.0814,10.1615,0.7848,87.097,17.307,0.089,9.1201,0.8015,71.186,16.052
136,21,0.1242,5.2627,0.7481,89.231,9.042,0.0833,8.3453,0.7584,87.5,10.765,0.0963,10.4337,0.8009,87.097,16.667,0.0841,9.0682,0.9147,71.186,15.061
137,14,0.1388,4.429,1.1606,89.231,6.489,0.0728,6.4134,0.6578,87.5,7.955,0.0784,9.8817,0.827,85.484,15.354,0.0713,10.7762,0.9415,72.881,18.582
138,24,0.225,5.5262,0.7599,89.231,9.248,0.0779,8.1595,0.7759,87.5,11.38,0.0862,10.6082,0.7686,88.71,17.684,0.0883,11.2108,0.9399,72.881,19.77
139,17,0.1323,5.0825,0.7275,89.231,9.299,0.0776,7.7265,1.3582,87.5,11.251,0.0926,10.8168,0.8346,88.71,17.83,0.0818,14.5404,0.9757,74.576,17.663
140,17,0.1272,4.166,1.1312,89.231,6.394,0.0773,5.9656,0.88,87.5,9.436,0.0676,10.307,0.6945,85.484,15.594,0.0658,7.771,0.8785,71.186,13.551
141,21,0.1109,4.4786,0.6103,89.231,8.747,0.0748,7.0552,0.8222,87.5,10.85,0.077,10.1538,0.8045,88.71,17.032,0.1049,10.4231,0.9969,72.881,18.715
142,23,0.1331,4.327,0.6713,89.231,7.433,0.0645,7.6548,0.749,87.5,11.0,0.0693,10.3112,0.7316,85.484,16.585,0.0718,12.2552,0.8982,72.881,16.501
143,18,0.1362,4.3922,0.6304,89.231,9.079,0.0755,7.3582,0.7918,87.5,10.024,0.0773,10.0926,0.7722,88.71,18.83,0.0785,11.1804,0.9521,72.881,18.678
144,20,0.1551,5.228,0.719,89.231,9.337,0.0708,8.2217,0.8101,87.5,13.531,0.0802,10.417,0.8668,87.097,17.41,0.0767,10.1544,0.8735,72.881,16.264
145,17,0.1257,4.3633,0.6624,89.231,7.4,0.0795,8.1393,0.7143,87.5,9.311,0.0834,10.1332,0.8213,85.484,12.615,0.0649,11.7369,0.8522,72.881,17.085
146,17,0.1447,5.4175,1.064,89.231,9.03,0.0924,9.2382,0.7684,87.5,15.069,0.101,10.6724,0.7408,85.484,14.258,0.0866,12.7194,0.988,74.576,18.113
147,20,0.1848,5.2327,0.6913,89.231,9.545,0.0782,8.3739,0.7923,87.5,10.325,0.082,10.2,0.846,87.097,16.584,0.1083,10.3383,1.0702,72.881,17.566
148,24,0.2046,5.3823,0.9105,89.231,9.15,0.0863,8.5027,0.8685,87.5,11.024,0.1021,10.2657,1.0424,88.71,18.213,0.0947,17.0115,1.0805,77.966,22.712
149,21,0.1098,4.4128,0.665,89.231,7.671,0.0709,7.3698,0.6721,85.938,6.812,0.0613,10.3661,0.6627,85.484,15.105,0.0808,10.4399,0.9782,72.881,17.022
150,21,0.1304,4.3862,1.1617,89.231,8.056,0.0746,9.0313,0.698,87.5,10.33,0.1026,10.602,0.8526,85.484,17.43,0.0883,8.1717,0.9793,71.186,14.195
151,18,0.1482,4.9617,0.7953,89.231,9.007,0.1112,9.0589,0.808,87.5,11.283,0.1022,11.2689,1.081,88.71,22.106,0.0845,10.8602,0.9805,72.881,18.314
152,23,0.1471,4.7652,0.6554,89.231,7.615,0.0772,8.3304,0.877,87.5,12.406,0.0827,10.2421,0.7873,88.71,16.955,0.0772,10.4408,1.0325,72.881,15.06
153,19,0.1413,4.2389,0.6557,89.231,7.864,0.0752,7.8096,0.7222,87.5,9.017,0.0931,10.616,0.7415,87.097,16.637,0.0733,10.3399,0.9646,72.881,15.876
154,18,0.1285,4.471,0.5832,87.692,6.518,0.0878,8.0757,0.7143,87.5,11.452,0.0841,10.3167,0.8273,85.484,14.145,0.085,7.0952,0.7405,69.492,12.522
155,19,0.1398,5.4161,1.1496,89.231,9.031,0.0651,7.4566,0.7005,87.5,9.322,0.0856,10.4821,0.8135,88.71,21.43,0.0952,12.0612,1.0003,72.881,20.085
156,22,0.1408,4.3013,0.6661,89.231,7.067,0.0849,8.1881,0.8282,87.5,10.56,0.0815,10.4819,1.051,88.71,18.211,0.0703,12.2817,0.9819,72.881,20.256
157,21,0.1563,4.6094,0.613,89.231,8.659,0.0848,6.7439,0.7304,87.5,8.964,0.0782,10.4367,0.7818,87.097,16.89,0.0844,15.5634,1.0373,76.271,19.826
158,19,0.1448,5.22,0.6792,89.231,9.13,0.074,6.5747,0.7918,87.5,8.001,0.0736,10.2082,0.8409,85.484,11.387,0.0957,8.901,0.7494,71.186,13.635
159,16,0.1518,4.7914,0.674,89.231,8.762,0.0793,7.5457,0.6579,87.5,10.123,0.0858,10.5612,0.7363,88.71,18.14,0.0882,9.5287,0.8261,71.186,15.407
160,21,0.15,5.3219,0.7891,89.231,9.236,0.0898,9.5049,0.854,87.5,15.096,0.102,10.924,0.9048,88.71,19.438,0.0837,6.7593,0.829,69.492,13.031
161,22,0.1477,5.7063,0.7226,89.231,9.315,0.0846,8.67,0.7996,87.5,12.238,0.084,10.5207,0.8182,88.71,20.148,0.0983,14.5903,0.9466,74.576,20.849
162,18,0.1294,4.9434,0.6029,89.231,8.909,0.0566,9.5258,0.8058,87.5,14.585,0.0847,9.8747,1.2329,85.484,16.02,0.0839,9.3232,0.8393,72.881,14.169
163,23,0.1816,4.5206,0.7109,89.231,8.786,0.0831,9.2541,0.8106,87.5,13.962,0.0796,9.8851,0.7678,85.484,14.9,0.0927,11.1998,0.936,72.881,17.489
164,20,0.1607,5.4675,1.3952,89.231,9.825,0.1148,9.533,0.8125,87.5,14.044,0.0943,10.9179,0.8196,88.71,17.082,0.0945,15.6965,0.9937,74.576,18.491
165,20,0.146,4.5638,1.3023,89.231,9.037,0.0751,6.7525,0.835,87.5,9.161,0.0802,10.2851,0.7124,87.097,17.09,0.0737,12.9697,1.0091,74.576,17.264
166,21,0.3051,6.493,0.7596,89.231,9.399,0.108,8.3461,0.8,87.5,12.261,0.107,10.5446,1.2054,88.71,19.204,0.1661,10.9878,1.0928,74.576,19.537
167,15,0.1025,4.4552,0.7087,89.231,8.395,0.0772,5.5636,0.5862,85.938,6.883,0.0828,10.4636,0.6389,85.484,16.41,0.0632,12.9217,0.9019,74.576,20.467
168,18,0.149,5.6276,0.7555,89.231,8.732,0.0797,4.6089,0.6102,87.5,7.824,0.0831,10.2995,0.8086,85.484,16.08,0.095,7.8034,0.8755,71.186,13.741
169,22,0.129,6.5531,0.7924,89.231,9.631,0.0788,10.7962,0.8408,87.5,16.071,0.0927,10.4959,0.986,88.71,17.726,0.0988,7.5408,0.8614,71.186,14.552
170,24,0.2998,6.144,0.8806,89.231,10.022,0.0785,7.938,0.8457,87.5,12.974,0.1014,10.6899,1.0415,88.71,22.049,0.1038,12.0652,1.2691,72.881,18.66
171,19,0.1322,4.661,0.7022,89.231,8.834,0.0831,7.4607,0.7098,87.5,11.69,0.0814,10.6989,0.9923,87.097,16.502,0.0859,15.5164,0.9558,76.271,23.856
172,20,0.1074,4.3107,0.697,89.231,8.402,0.0733,7.8476,0.68,87.5,11.4,0.0803,10.3905,0.7138,87.097,17.706,0.0837,7.4544,0.8633,69.492,13.429
173,18,0.1389,4.5069,0.7756,89.231,8.644,0.0768,7.6232,0.7721,87.5,12.287,0.081,10.5379,0.8623,88.71,19.462,0.0683,8.8735,0.9825,71.186,14.226
174,24,0.1289,4.487,0.7291,89.231,9.145,0.0815,8.9769,0.7709,87.5,12.176,0.0888,10.2298,0.7423,85.484,16.175,0.0872,12.7626,1.0215,74.576,20.471
175,25,0.1074,4.2497,0.707,89.231,8.547,0.097,7.2478,0.6365,87.5,7.498,0.0706,10.3233,0.8677,88.71,17.53,0.0623,10.5423,0.8599,72.881,15.236
176,18,0.1001,5.5034,1.1285,89.231,8.731,0.0635,9.347,0.7151,87.5,11.427,0.0744,9.0036,0.8352,85.484,14.736,0.083,9.6676,0.8112,71.186,15.21
177,20,0.224,5.1669,1.4664,89.231,9.232,0.1012,9.4773,0.8514,87.5,10.473,0.0959,10.1997,0.8597,85.484,15.444,0.0907,7.1096,0.9358,71.186,13.366
178,24,0.1689,5.1588,0.8368,89.231,8.926,0.0876,8.4788,0.8186,87.5,13.921,0.1051,10.5636,1.28,88.71,19.352,0.1121,10.6528,1.078,74.576,19.526
179,19,0.1755,5.6254,0.8153,89.231,8.969,0.0988,7.3744,0.7491,87.5,9.509,0.0776,9.8948,0.7337,87.097,16.618,0.1038,14.4059,1.0686,74.576,20.795
180,23,0.1378,5.064,0.8301,89.231,8.758,0.0793,9.4534,0.7661,87.5,11.595,0.0926,10.6186,0.7969,88.71,19.405,0.093,8.3503,1.1174,71.186,13.817
181,18,0.1331,4.344,0.9743,89.231,7.045,0.0797,8.2461,0.7119,87.5,8.969,0.0671,10.51,0.7468,87.097,17.55,0.0871,6.9303,0.7454,69.492,12.362
182,18,0.1346,5.7338,0.7692,89.231,9.814,0.0779,8.0611,0.8204,87.5,13.237,0.086,10.2491,0.8266,85.484,15.226,0.0661,9.0795,0.9131,71.186,15.751
183,22,0.1229,4.987,0.7136,89.231,9.227,0.0842,8.2942,0.6753,87.5,9.998,0.0958,10.4245,0.9031,87.097,16.295,0.0798,9.7546,0.8354,72.881,14.489
184,14,0.1265,3.8681,0.9555,89.231,7.517,0.0834,8.3665,0.7173,87.5,9.637,0.0669,10.9614,0.8346,88.71,22.242,0.0704,10.6156,0.9643,72.881,19.033
185,23,0.1229,4.6301,1.3366,89.231,8.906,0.0741,7.794,0.7268,87.5,11.878,0.0816,10.1871,0.8074,88.71,20.117,0.0842,10.0202,1.2494,72.881,16.442
186,21,0.134,5.8676,0.7222,89.231,9.133,0.0824,9.3208,0.8946,87.5,13.026,0.0742,10.0744,0.8534,88.71,17.718,0.0968,9.7777,0.8903,72.881,15.85
187,19,0.1449,6.1029,0.8222,89.231,10.064,0.0888,8.8034,0.8928,87.5,14.728,0.0787,10.5167,0.8279,88.71,18.604,0.0908,10.4629,1.0779,72.881,19.124
188,23,0.1077,4.3858,0.6174,89.231,8.886,0.099,7.8557,0.6506,87.5,11.993,0.0706,10.4102,0.6554,87.097,16.412,0.0908,9.429,1.3016,71.186,17.405
189,14,0.1279,5.4675,1.3159,89.231,8.259,0.0944,6.8249,0.7503,87.5,8.813,0.0893,10.3934,0.7648,88.71,17.819,0.0905,8.9659,0.867,72.881,13.802
190,20,0.1788,5.0307,0.7353,89.231,8.945,0.0802,7.725,0.804,87.5,12.018,0.0902,10.2134,0.8862,87.097,16.301,0.0776,11.5686,0.8221,72.881,16.731
191,24,0.1542,5.5844,0.7791,89.231,9.233,0.1119,9.643,0.8162,87.5,13.225,0.1058,10.5619,0.8804,88.71,19.785,0.117,10.7346,0.9296,72.881,18.994
192,24,0.1537,4.7826,0.8168,89.231,9.149,0.0763,7.2798,0.9992,87.5,10.642,0.0865,10.4935,0.7943,88.71,18.115,0.0857,9.8063,0.9174,72.881,17.259
193,15,0.1455,6.0231,0.7585,89.231,8.804,0.08,7.5819,0.677,87.5,8.687,0.0797,8.3337,0.7127,85.484,12.141,0.0795,12.7581,0.8657,74.576,19.258
194,21,0.1066,4.764,1.2424,89.231,8.89,0.0905,8.2382,0.7401,87.5,9.606,0.0827,10.8267,0.8256,88.71,20.619,0.077,10.9955,0.9703,74.576,19.578
195,21,0.1567,5.7393,0.738,89.231,9.733,0.0921,7.5702,0.7281,87.5,8.865,0.0911,10.4886,0.8822,88.71,17.683,0.0871,14.6799,0.9995,74.576,20.233
196,14,0.1155,5.5293,1.2388,89.231,8.628,0.0831,6.7874,0.7825,87.5,8.411,0.0787,10.5993,0.9179,88.71,18.91,0.0784,10.3629,1.0276,72.881,18.789
197,19,0.1174,4.9255,0.6693,89.231,9.143,0.0772,8.066,0.7571,87.5,12.403,0.0698,10.0552,0.7016,85.484,12.507,0.0934,8.8737,0.9472,71.186,14.687
198,19,0.0946,4.119,0.5901,89.231,7.269,0.0952,7.0971,1.2504,87.5,8.146,0.0726,10.5915,0.7857,88.71,19.308,0.074,10.6013,1.0848,72.881,16.064
199,20,0.1314,3.9384,1.0773,89.231,7.086,0.0624,7.66,0.8374,87.5,9.388,0.0773,10.6732,0.8841,88.71,19.569,0.0796,10.8513,1.0179,72.881,19.794
