Horizon,Date,Probit_MAE_roll12,Ens_MAE_roll12,Window
Current,2020-01-01,,,Pre-COVID
Current,2020-02-01,,,COVID
Current,2020-03-01,,,COVID
Current,2020-04-01,,,COVID
Current,2020-05-01,,,COVID
Current,2020-06-01,33.3554,62.284,COVID
Current,2020-07-01,28.6262,53.5117,Post-COVID
Current,2020-08-01,25.0807,46.9348,Post-COVID
Current,2020-09-01,22.3226,41.8196,Post-COVID
Current,2020-10-01,20.1103,37.7233,Post-COVID
Current,2020-11-01,18.2826,34.3555,Post-COVID
Current,2020-12-01,16.7754,31.5658,Post-COVID
Current,2021-01-01,16.7869,24.4501,Post-COVID
Current,2021-02-01,16.7782,17.4914,Post-COVID
Current,2021-03-01,8.4775,17.0383,Post-COVID
Current,2021-04-01,0.1687,16.6603,Post-COVID
Current,2021-05-01,0.1546,8.3995,Post-COVID
Current,2021-06-01,0.1534,1.0412,Post-COVID
Current,2021-07-01,0.1429,1.0415,Post-COVID
Current,2021-08-01,0.1503,0.9987,Post-COVID
Current,2021-09-01,0.1605,0.9882,Post-COVID
Current,2021-10-01,0.1539,1.0044,Post-COVID
Current,2021-11-01,0.1603,1.0372,Post-COVID
Current,2021-12-01,0.1513,1.032,Post-COVID
Current,2022-01-01,0.1355,1.0337,Post-COVID
Current,2022-02-01,0.1307,0.9139,Post-COVID
Current,2022-03-01,0.1233,0.905,Post-COVID
Current,2022-04-01,0.1256,0.8903,Post-COVID
Current,2022-05-01,0.1471,0.9127,Post-COVID
Current,2022-06-01,0.1476,1.2947,Post-COVID
Current,2022-07-01,0.1557,1.4224,Post-COVID
Current,2022-08-01,0.1475,1.5218,Post-COVID
Current,2022-09-01,0.1282,1.5284,Post-COVID
Current,2022-10-01,0.121,1.5274,Post-COVID
Current,2022-11-01,0.1393,1.5362,Post-COVID
Current,2022-12-01,0.154,1.7428,Post-COVID
Current,2023-01-01,0.2054,1.8274,Post-COVID
Current,2023-02-01,0.2344,1.854,Post-COVID
Current,2023-03-01,0.2701,1.8408,Post-COVID
Current,2023-04-01,0.324,1.8282,Post-COVID
Current,2023-05-01,0.3668,1.8118,Post-COVID
Current,2023-06-01,0.4183,1.4852,Post-COVID
Current,2023-07-01,0.4697,1.3787,Post-COVID
Current,2023-08-01,0.507,1.3334,Post-COVID
Current,2023-09-01,0.5425,1.3317,Post-COVID
Current,2023-10-01,0.5632,1.3875,Post-COVID
Current,2023-11-01,0.5835,1.407,Post-COVID
Current,2023-12-01,0.6138,1.2465,Post-COVID
Current,2024-01-01,0.5783,1.1855,Post-COVID
Current,2024-02-01,0.5961,1.173,Post-COVID
Current,2024-03-01,0.591,1.1755,Post-COVID
Current,2024-04-01,0.5642,1.1602,Post-COVID
Current,2024-05-01,0.5461,1.1844,Post-COVID
Current,2024-06-01,0.5214,1.1124,Post-COVID
Current,2024-07-01,0.4715,1.0825,Post-COVID
Current,2024-08-01,0.4569,1.0735,Post-COVID
Current,2024-09-01,0.4475,1.1127,Post-COVID
Current,2024-10-01,0.4475,1.0736,Post-COVID
Current,2024-11-01,0.4208,1.1401,Post-COVID
Current,2024-12-01,0.3905,1.1216,Post-COVID
Current,2025-01-01,0.3759,1.0961,Post-COVID
Current,2025-02-01,0.3381,1.0614,Post-COVID
Current,2025-03-01,0.3212,1.0757,Post-COVID
Current,2025-04-01,0.2983,1.061,Post-COVID
Current,2025-05-01,0.36,0.9738,Post-COVID
1M,2020-01-01,,,Pre-COVID
1M,2020-02-01,,,COVID
1M,2020-03-01,,,COVID
1M,2020-04-01,,,COVID
1M,2020-05-01,,,COVID
1M,2020-06-01,33.3725,45.1819,COVID
1M,2020-07-01,28.6528,38.8487,Post-COVID
1M,2020-08-01,25.1113,34.0991,Post-COVID
1M,2020-09-01,22.3515,30.4005,Post-COVID
1M,2020-10-01,20.1228,27.4236,Post-COVID
1M,2020-11-01,18.3157,25.0059,Post-COVID
1M,2020-12-01,16.8102,22.9948,Post-COVID
1M,2021-01-01,16.8025,19.5661,Post-COVID
1M,2021-02-01,8.5269,14.5301,Post-COVID
1M,2021-03-01,0.2214,12.1461,Post-COVID
1M,2021-04-01,0.2018,4.735,Post-COVID
1M,2021-05-01,0.1945,2.1446,Post-COVID
1M,2021-06-01,0.179,0.8054,Post-COVID
1M,2021-07-01,0.1797,0.7629,Post-COVID
1M,2021-08-01,0.1828,0.7183,Post-COVID
1M,2021-09-01,0.1723,0.7199,Post-COVID
1M,2021-10-01,0.1738,0.7333,Post-COVID
1M,2021-11-01,0.1614,0.7187,Post-COVID
1M,2021-12-01,0.1419,0.7116,Post-COVID
1M,2022-01-01,0.1329,0.7223,Post-COVID
1M,2022-02-01,0.1221,0.7866,Post-COVID
1M,2022-03-01,0.123,1.0323,Post-COVID
1M,2022-04-01,0.1457,1.1583,Post-COVID
1M,2022-05-01,0.1493,1.2234,Post-COVID
1M,2022-06-01,0.1495,3.6674,Post-COVID
1M,2022-07-01,0.1399,4.3735,Post-COVID
1M,2022-08-01,0.132,4.4532,Post-COVID
1M,2022-09-01,0.1267,4.4499,Post-COVID
1M,2022-10-01,0.1478,4.4113,Post-COVID
1M,2022-11-01,0.1561,4.4161,Post-COVID
1M,2022-12-01,0.2188,4.524,Post-COVID
1M,2023-01-01,0.289,4.5714,Post-COVID
1M,2023-02-01,0.353,4.6013,Post-COVID
1M,2023-03-01,0.4283,4.3861,Post-COVID
1M,2023-04-01,0.5264,4.2746,Post-COVID
1M,2023-05-01,0.652,4.1976,Post-COVID
1M,2023-06-01,0.7733,1.7538,Post-COVID
1M,2023-07-01,0.8771,1.086,Post-COVID
1M,2023-08-01,0.953,1.0431,Post-COVID
1M,2023-09-01,1.0171,1.0291,Post-COVID
1M,2023-10-01,1.0495,1.0779,Post-COVID
1M,2023-11-01,1.0974,1.0882,Post-COVID
1M,2023-12-01,1.0998,0.958,Post-COVID
1M,2024-01-01,1.1264,1.0359,Post-COVID
1M,2024-02-01,1.1309,0.9204,Post-COVID
1M,2024-03-01,1.134,0.8888,Post-COVID
1M,2024-04-01,1.0838,0.8822,Post-COVID
1M,2024-05-01,1.0061,0.8779,Post-COVID
1M,2024-06-01,0.9297,0.8542,Post-COVID
1M,2024-07-01,0.8769,0.8395,Post-COVID
1M,2024-08-01,0.8698,0.8324,Post-COVID
1M,2024-09-01,0.8779,0.8443,Post-COVID
1M,2024-10-01,0.8632,0.8257,Post-COVID
1M,2024-11-01,0.8364,0.8451,Post-COVID
1M,2024-12-01,0.7862,0.9177,Post-COVID
1M,2025-01-01,0.7013,0.8476,Post-COVID
1M,2025-02-01,0.6513,0.8928,Post-COVID
1M,2025-03-01,0.5708,0.8946,Post-COVID
1M,2025-04-01,0.5964,0.8846,Post-COVID
1M,2025-05-01,0.6357,0.8883,Post-COVID
3M,2020-01-01,,,Pre-COVID
3M,2020-02-01,,,COVID
3M,2020-03-01,,,COVID
3M,2020-04-01,,,COVID
3M,2020-05-01,,,COVID
3M,2020-06-01,16.9658,54.1222,COVID
3M,2020-07-01,14.6054,46.6458,Post-COVID
3M,2020-08-01,12.809,41.0163,Post-COVID
3M,2020-09-01,11.4327,36.6599,Post-COVID
3M,2020-10-01,10.3281,33.1768,Post-COVID
3M,2020-11-01,9.4209,30.3284,Post-COVID
3M,2020-12-01,8.6629,27.9538,Post-COVID
3M,2021-01-01,0.3927,27.1136,Post-COVID
3M,2021-02-01,0.3355,19.9681,Post-COVID
3M,2021-03-01,0.3193,12.8085,Post-COVID
3M,2021-04-01,0.2899,5.7066,Post-COVID
3M,2021-05-01,0.2838,2.4394,Post-COVID
3M,2021-06-01,0.2789,1.7978,Post-COVID
3M,2021-07-01,0.257,1.8207,Post-COVID
3M,2021-08-01,0.25,1.8514,Post-COVID
3M,2021-09-01,0.2192,1.8605,Post-COVID
3M,2021-10-01,0.1878,1.8917,Post-COVID
3M,2021-11-01,0.1697,1.9043,Post-COVID
3M,2021-12-01,0.1502,1.9085,Post-COVID
3M,2022-01-01,0.1428,1.9145,Post-COVID
3M,2022-02-01,0.1554,1.9479,Post-COVID
3M,2022-03-01,0.1566,2.4606,Post-COVID
3M,2022-04-01,0.1544,2.4895,Post-COVID
3M,2022-05-01,0.1255,2.589,Post-COVID
3M,2022-06-01,0.0944,5.5506,Post-COVID
3M,2022-07-01,0.089,7.1164,Post-COVID
3M,2022-08-01,0.0863,7.1736,Post-COVID
3M,2022-09-01,0.1052,7.1059,Post-COVID
3M,2022-10-01,0.15,7.0801,Post-COVID
3M,2022-11-01,0.2166,7.1045,Post-COVID
3M,2022-12-01,0.3321,7.1474,Post-COVID
3M,2023-01-01,0.5273,7.1501,Post-COVID
3M,2023-02-01,0.6825,7.1582,Post-COVID
3M,2023-03-01,0.881,6.6276,Post-COVID
3M,2023-04-01,1.231,6.5862,Post-COVID
3M,2023-05-01,1.6236,6.5063,Post-COVID
3M,2023-06-01,1.9521,3.5652,Post-COVID
3M,2023-07-01,2.2406,1.9784,Post-COVID
3M,2023-08-01,2.4735,1.9318,Post-COVID
3M,2023-09-01,2.6367,2.0008,Post-COVID
3M,2023-10-01,2.6711,1.9758,Post-COVID
3M,2023-11-01,2.7569,1.9714,Post-COVID
3M,2023-12-01,2.884,1.9856,Post-COVID
3M,2024-01-01,2.9286,2.0242,Post-COVID
3M,2024-02-01,2.9721,1.9997,Post-COVID
3M,2024-03-01,2.9664,2.0034,Post-COVID
3M,2024-04-01,2.7286,2.009,Post-COVID
3M,2024-05-01,2.4786,2.094,Post-COVID
3M,2024-06-01,2.3296,2.1265,Post-COVID
3M,2024-07-01,2.2184,2.1716,Post-COVID
3M,2024-08-01,2.2243,2.1926,Post-COVID
3M,2024-09-01,2.2471,2.249,Post-COVID
3M,2024-10-01,2.257,2.267,Post-COVID
3M,2024-11-01,2.1603,2.3022,Post-COVID
3M,2024-12-01,1.9599,2.32,Post-COVID
3M,2025-01-01,1.7234,2.3021,Post-COVID
3M,2025-02-01,1.5872,2.2079,Post-COVID
3M,2025-03-01,1.4556,2.1978,Post-COVID
3M,2025-04-01,1.4096,2.1291,Post-COVID
3M,2025-05-01,1.3428,1.9508,Post-COVID
6M,2020-01-01,,,Pre-COVID
6M,2020-02-01,,,COVID
6M,2020-03-01,,,COVID
6M,2020-04-01,,,COVID
6M,2020-05-01,,,COVID
6M,2020-06-01,0.7706,18.6566,COVID
6M,2020-07-01,0.7587,16.1843,Post-COVID
6M,2020-08-01,0.7436,14.331,Post-COVID
6M,2020-09-01,0.7292,12.8904,Post-COVID
6M,2020-10-01,0.6922,11.7219,Post-COVID
6M,2020-11-01,0.6599,10.7697,Post-COVID
6M,2020-12-01,0.638,9.9847,Post-COVID
6M,2021-01-01,0.5819,8.0797,Post-COVID
6M,2021-02-01,0.4869,6.2056,Post-COVID
6M,2021-03-01,0.4695,2.4008,Post-COVID
6M,2021-04-01,0.4276,1.3543,Post-COVID
6M,2021-05-01,0.3993,1.3469,Post-COVID
6M,2021-06-01,0.3558,1.3283,Post-COVID
6M,2021-07-01,0.3058,1.346,Post-COVID
6M,2021-08-01,0.2711,1.5062,Post-COVID
6M,2021-09-01,0.2305,1.5536,Post-COVID
6M,2021-10-01,0.2009,1.6644,Post-COVID
6M,2021-11-01,0.1911,1.6571,Post-COVID
6M,2021-12-01,0.1642,1.7841,Post-COVID
6M,2022-01-01,0.1496,2.2969,Post-COVID
6M,2022-02-01,0.1333,3.3654,Post-COVID
6M,2022-03-01,0.1017,6.8977,Post-COVID
6M,2022-04-01,0.1085,8.8664,Post-COVID
6M,2022-05-01,0.156,10.8885,Post-COVID
6M,2022-06-01,0.2072,18.8112,Post-COVID
6M,2022-07-01,0.2379,26.5442,Post-COVID
6M,2022-08-01,0.2816,29.0051,Post-COVID
6M,2022-09-01,0.3169,29.0326,Post-COVID
6M,2022-10-01,0.3761,28.9741,Post-COVID
6M,2022-11-01,0.5065,29.9243,Post-COVID
6M,2022-12-01,0.7674,30.6871,Post-COVID
6M,2023-01-01,1.2235,30.9489,Post-COVID
6M,2023-02-01,1.6199,30.5062,Post-COVID
6M,2023-03-01,2.0953,27.002,Post-COVID
6M,2023-04-01,2.9185,25.112,Post-COVID
6M,2023-05-01,3.8374,23.2183,Post-COVID
6M,2023-06-01,4.5643,15.3442,Post-COVID
6M,2023-07-01,5.2229,7.5601,Post-COVID
6M,2023-08-01,5.7085,4.9833,Post-COVID
6M,2023-09-01,6.0654,4.8995,Post-COVID
6M,2023-10-01,6.2343,5.0369,Post-COVID
6M,2023-11-01,6.4216,4.4594,Post-COVID
6M,2023-12-01,6.7616,3.7417,Post-COVID
6M,2024-01-01,6.8389,6.316,Post-COVID
6M,2024-02-01,6.897,5.9656,Post-COVID
6M,2024-03-01,6.8835,5.994,Post-COVID
6M,2024-04-01,6.3357,5.9034,Post-COVID
6M,2024-05-01,5.6898,5.8326,Post-COVID
6M,2024-06-01,5.3237,5.8378,Post-COVID
6M,2024-07-01,5.0394,5.9536,Post-COVID
6M,2024-08-01,5.0731,5.9932,Post-COVID
6M,2024-09-01,5.1243,6.1739,Post-COVID
6M,2024-10-01,5.0635,6.4593,Post-COVID
6M,2024-11-01,4.7388,7.6638,Post-COVID
6M,2024-12-01,4.1709,7.6003,Post-COVID
6M,2025-01-01,3.7006,4.8407,Post-COVID
6M,2025-02-01,3.2933,4.5987,Post-COVID
6M,2025-03-01,2.8637,4.7145,Post-COVID
6M,2025-04-01,2.6041,4.5973,Post-COVID
6M,2025-05-01,2.3232,4.5889,Post-COVID
