Horizon,Model,Month,MAE,N
Current,Ensemble (Ours),1,15.3557,6
Current,Ensemble (Ours),2,15.5282,6
Current,Ensemble (Ours),3,1.8319,6
Current,Ensemble (Ours),4,1.7324,6
Current,Ensemble (Ours),5,17.3148,6
Current,Ensemble (Ours),6,19.5641,5
Current,Ensemble (Ours),7,1.2176,5
Current,Ensemble (Ours),8,0.9621,5
Current,Ensemble (Ours),9,0.9311,5
Current,Ensemble (Ours),10,1.1792,5
Current,Ensemble (Ours),11,1.3093,5
Current,Ensemble (Ours),12,1.5,5
Current,Naive Mean,1,8.7274,6
Current,Naive Mean,2,8.8708,6
Current,Naive Mean,3,22.505,6
Current,Naive Mean,4,22.4283,6
Current,Naive Mean,5,8.5341,6
Current,Naive Mean,6,8.7914,5
Current,Naive Mean,7,8.8354,5
Current,Naive Mean,8,8.7674,5
Current,Naive Mean,9,8.7434,5
Current,Naive Mean,10,8.7914,5
Current,Naive Mean,11,8.6994,5
Current,Naive Mean,12,8.6794,5
Current,Probit (YC),1,0.1851,6
Current,Probit (YC),2,0.3189,6
Current,Probit (YC),3,16.8382,6
Current,Probit (YC),4,16.8342,6
Current,Probit (YC),5,0.521,6
Current,Probit (YC),6,0.3188,5
Current,Probit (YC),7,0.3353,5
Current,Probit (YC),8,0.4181,5
Current,Probit (YC),9,0.365,5
Current,Probit (YC),10,0.1834,5
Current,Probit (YC),11,0.2321,5
Current,Probit (YC),12,0.2884,5
Current,Single-Stage XGB,1,2.8811,6
Current,Single-Stage XGB,2,2.4051,6
Current,Single-Stage XGB,3,8.8138,6
Current,Single-Stage XGB,4,3.5395,6
Current,Single-Stage XGB,5,5.1472,6
Current,Single-Stage XGB,6,1.5633,5
Current,Single-Stage XGB,7,0.5189,5
Current,Single-Stage XGB,8,0.535,5
Current,Single-Stage XGB,9,0.3295,5
Current,Single-Stage XGB,10,0.4995,5
Current,Single-Stage XGB,11,0.9303,5
Current,Single-Stage XGB,12,0.9437,5
1-Month,Ensemble (Ours),1,8.2704,6
1-Month,Ensemble (Ours),2,11.2575,6
1-Month,Ensemble (Ours),3,6.0092,6
1-Month,Ensemble (Ours),4,15.8433,6
1-Month,Ensemble (Ours),5,6.0734,6
1-Month,Ensemble (Ours),6,9.8455,5
1-Month,Ensemble (Ours),7,2.285,5
1-Month,Ensemble (Ours),8,0.7754,5
1-Month,Ensemble (Ours),9,0.7642,5
1-Month,Ensemble (Ours),10,0.6716,5
1-Month,Ensemble (Ours),11,0.8196,5
1-Month,Ensemble (Ours),12,1.1305,5
1-Month,Naive Mean,1,8.8699,6
1-Month,Naive Mean,2,22.5044,6
1-Month,Naive Mean,3,22.4277,6
1-Month,Naive Mean,4,8.5332,6
1-Month,Naive Mean,5,8.5432,6
1-Month,Naive Mean,6,8.8346,5
1-Month,Naive Mean,7,8.7666,5
1-Month,Naive Mean,8,8.7426,5
1-Month,Naive Mean,9,8.7906,5
1-Month,Naive Mean,10,8.6986,5
1-Month,Naive Mean,11,8.6786,5
1-Month,Naive Mean,12,8.7346,5
1-Month,Probit (YC),1,0.522,6
1-Month,Probit (YC),2,16.9498,6
1-Month,Probit (YC),3,16.9458,6
1-Month,Probit (YC),4,0.6709,6
1-Month,Probit (YC),5,0.6788,6
1-Month,Probit (YC),6,0.5444,5
1-Month,Probit (YC),7,0.645,5
1-Month,Probit (YC),8,0.6406,5
1-Month,Probit (YC),9,0.4614,5
1-Month,Probit (YC),10,0.3502,5
1-Month,Probit (YC),11,0.3507,5
1-Month,Probit (YC),12,0.4057,5
1-Month,Single-Stage XGB,1,0.6619,6
1-Month,Single-Stage XGB,2,16.6426,6
1-Month,Single-Stage XGB,3,15.7925,6
1-Month,Single-Stage XGB,4,1.3315,6
1-Month,Single-Stage XGB,5,0.55,6
1-Month,Single-Stage XGB,6,0.5819,5
1-Month,Single-Stage XGB,7,0.4007,5
1-Month,Single-Stage XGB,8,0.3856,5
1-Month,Single-Stage XGB,9,0.1814,5
1-Month,Single-Stage XGB,10,0.202,5
1-Month,Single-Stage XGB,11,0.3287,5
1-Month,Single-Stage XGB,12,0.5749,5
3-Month,Ensemble (Ours),1,3.6531,6
3-Month,Ensemble (Ours),2,16.0933,6
3-Month,Ensemble (Ours),3,17.249,6
3-Month,Ensemble (Ours),4,16.1321,6
3-Month,Ensemble (Ours),5,8.4193,6
3-Month,Ensemble (Ours),6,10.4591,5
3-Month,Ensemble (Ours),7,5.7729,5
3-Month,Ensemble (Ours),8,2.1427,5
3-Month,Ensemble (Ours),9,1.8752,5
3-Month,Ensemble (Ours),10,1.8671,5
3-Month,Ensemble (Ours),11,2.2036,5
3-Month,Ensemble (Ours),12,2.2938,5
3-Month,Naive Mean,1,22.5311,6
3-Month,Naive Mean,2,8.6884,6
3-Month,Naive Mean,3,8.6984,6
3-Month,Naive Mean,4,8.735,6
3-Month,Naive Mean,5,8.6784,6
3-Month,Naive Mean,6,8.8977,5
3-Month,Naive Mean,7,8.9457,5
3-Month,Naive Mean,8,8.8537,5
3-Month,Naive Mean,9,8.8337,5
3-Month,Naive Mean,10,8.8897,5
3-Month,Naive Mean,11,9.0297,5
3-Month,Naive Mean,12,8.9497,5
3-Month,Probit (YC),1,17.4708,6
3-Month,Probit (YC),2,1.1399,6
3-Month,Probit (YC),3,1.0682,6
3-Month,Probit (YC),4,1.1924,6
3-Month,Probit (YC),5,1.3861,6
3-Month,Probit (YC),6,1.3898,5
3-Month,Probit (YC),7,1.3124,5
3-Month,Probit (YC),8,1.2802,5
3-Month,Probit (YC),9,1.1004,5
3-Month,Probit (YC),10,0.596,5
3-Month,Probit (YC),11,0.8352,5
3-Month,Probit (YC),12,1.098,5
3-Month,Single-Stage XGB,1,24.9961,6
3-Month,Single-Stage XGB,2,29.3662,6
3-Month,Single-Stage XGB,3,27.0289,6
3-Month,Single-Stage XGB,4,25.1386,6
3-Month,Single-Stage XGB,5,17.6698,6
3-Month,Single-Stage XGB,6,8.4242,5
3-Month,Single-Stage XGB,7,6.1121,5
3-Month,Single-Stage XGB,8,7.19,5
3-Month,Single-Stage XGB,9,5.357,5
3-Month,Single-Stage XGB,10,5.2148,5
3-Month,Single-Stage XGB,11,5.2726,5
3-Month,Single-Stage XGB,12,4.7816,5
6-Month,Ensemble (Ours),1,15.6657,6
6-Month,Ensemble (Ours),2,8.9557,6
6-Month,Ensemble (Ours),3,16.5139,6
6-Month,Ensemble (Ours),4,7.4882,6
6-Month,Ensemble (Ours),5,5.8804,6
6-Month,Ensemble (Ours),6,20.5024,5
6-Month,Ensemble (Ours),7,20.1126,5
6-Month,Ensemble (Ours),8,8.3402,5
6-Month,Ensemble (Ours),9,2.0503,5
6-Month,Ensemble (Ours),10,3.1926,5
6-Month,Ensemble (Ours),11,8.1377,5
6-Month,Ensemble (Ours),12,4.4638,5
6-Month,Naive Mean,1,8.8895,6
6-Month,Naive Mean,2,8.8329,6
6-Month,Naive Mean,3,8.8129,6
6-Month,Naive Mean,4,8.8529,6
6-Month,Naive Mean,5,8.7762,6
6-Month,Naive Mean,6,8.9882,5
6-Month,Naive Mean,7,9.0442,5
6-Month,Naive Mean,8,9.1842,5
6-Month,Naive Mean,9,9.1042,5
6-Month,Naive Mean,10,9.0122,5
6-Month,Naive Mean,11,8.7762,5
6-Month,Naive Mean,12,8.7962,5
6-Month,Probit (YC),1,2.3953,6
6-Month,Probit (YC),2,2.1317,6
6-Month,Probit (YC),3,2.1161,6
6-Month,Probit (YC),4,2.4838,6
6-Month,Probit (YC),5,2.8852,6
6-Month,Probit (YC),6,3.1573,5
6-Month,Probit (YC),7,2.9069,5
6-Month,Probit (YC),8,3.0308,5
6-Month,Probit (YC),9,2.3161,5
6-Month,Probit (YC),10,1.1654,5
6-Month,Probit (YC),11,1.3013,5
6-Month,Probit (YC),12,2.2869,5
6-Month,Single-Stage XGB,1,64.0201,6
6-Month,Single-Stage XGB,2,70.4548,6
6-Month,Single-Stage XGB,3,68.9569,6
6-Month,Single-Stage XGB,4,68.5817,6
6-Month,Single-Stage XGB,5,61.7919,6
6-Month,Single-Stage XGB,6,59.7351,5
6-Month,Single-Stage XGB,7,64.4249,5
6-Month,Single-Stage XGB,8,61.7287,5
6-Month,Single-Stage XGB,9,64.0054,5
6-Month,Single-Stage XGB,10,59.37,5
6-Month,Single-Stage XGB,11,58.0764,5
6-Month,Single-Stage XGB,12,75.654,5
