t,alpha_t,q_t,Q_C,demand,supply,marginA,driftB_max,driftB_p90,miss,horizon,strategy
0,0.1,0.9,9.640562571309903,26,130,5.0,,,1.0,Current,pooled_trailing
1,0.0955,0.9045,10.247316128918715,25,130,5.2,,,1.0,Current,pooled_trailing
2,0.091,0.909,13.170042260739256,24,130,5.416666666666667,,,0.0,Current,pooled_trailing
3,0.0915,0.9085,12.801327311440275,24,130,5.416666666666667,,,0.0,Current,pooled_trailing
4,0.092,0.908,12.432612362141459,24,130,5.416666666666667,,,1.0,Current,pooled_trailing
5,0.0875,0.9125,13.810297052591695,23,130,5.6521739130434785,,,1.0,Current,pooled_trailing
6,0.08299999999999999,0.917,14.054170561529608,22,130,5.909090909090909,7.109633369151672,6.728034842958451,0.0,Current,pooled_trailing
7,0.08349999999999999,0.9165,14.034224221080603,22,130,5.909090909090909,7.119738036528704,6.737597158011736,0.0,Current,pooled_trailing
8,0.08399999999999999,0.916,14.015051051659318,22,130,5.909090909090909,7.129478132594453,6.746814469552505,0.0,Current,pooled_trailing
9,0.08449999999999999,0.9155,13.995877882238027,22,130,5.909090909090909,7.139244914876478,6.756057034968349,0.0,Current,pooled_trailing
10,0.08499999999999999,0.915,13.976704712816739,22,130,5.909090909090909,7.1490384931988045,6.76532495818866,0.0,Current,pooled_trailing
11,0.08549999999999999,0.9145,13.957531543395447,22,130,5.909090909090909,6.390377709438877,3.2273684151182143,0.0,Current,pooled_trailing
12,0.086,0.914,13.938358373974163,22,130,5.909090909090909,0.06444765118927624,0.06438803320542905,0.0,Current,pooled_trailing
13,0.0865,0.9135,13.919185204552871,22,130,5.909090909090909,0.06453642547576624,0.06452919588203561,0.0,Current,pooled_trailing
14,0.087,0.913,13.894368690082098,23,130,5.6521739130434785,0.18198967469828486,0.12332068383679982,0.0,Current,pooled_trailing
15,0.0875,0.9125,13.810297052591695,23,130,5.6521739130434785,0.18309755600597616,0.12910311153231005,0.0,Current,pooled_trailing
16,0.088,0.912,13.726225415101329,23,130,5.6521739130434785,0.18421900861864934,0.1380423022107443,0.0,Current,pooled_trailing
17,0.0885,0.9115,13.642153777610924,23,130,5.6521739130434785,0.18535428344137175,0.13889300676802974,0.0,Current,pooled_trailing
18,0.089,0.911,13.55808214012054,23,130,5.6521739130434785,0.18650363760250785,0.13975426150850645,0.0,Current,pooled_trailing
19,0.0895,0.9105,13.474010502630135,23,130,5.6521739130434785,0.18766733464787524,0.1406262639170684,0.0,Current,pooled_trailing
20,0.09,0.91,13.389938865139769,23,130,5.6521739130434785,0.09417278813462271,0.08581969276834518,0.0,Current,pooled_trailing
21,0.0905,0.9095,13.305867227649365,23,130,5.6521739130434785,0.09476780838922608,0.08099402533862125,0.0,Current,pooled_trailing
22,0.091,0.909,13.170042260739256,24,130,5.416666666666667,0.07976923326574306,0.07384136487965211,0.0,Current,pooled_trailing
23,0.0915,0.9085,12.801327311440275,24,130,5.416666666666667,0.08372945520479674,0.08289813560993119,0.0,Current,pooled_trailing
24,0.092,0.908,12.432612362141459,24,130,5.416666666666667,0.08621262615321812,0.08535665204863702,0.0,Current,pooled_trailing
25,0.0925,0.9075,12.06389741284248,24,130,5.416666666666667,0.08884758590073523,0.08796545023013849,0.0,Current,pooled_trailing
26,0.093,0.907,11.69518246354358,24,130,5.416666666666667,0.09330527964965837,0.09247698523484578,0.0,Current,pooled_trailing
27,0.0935,0.9065,11.326467514244598,24,130,5.416666666666667,0.09634268309535621,0.09548742488686494,0.0,Current,pooled_trailing
28,0.094,0.906,10.957752564945782,24,130,5.416666666666667,0.09958449635060851,0.09923185167535958,0.0,Current,pooled_trailing
29,0.0945,0.9055,10.589037615646802,25,130,5.2,0.10305207233396535,0.10268714841594909,0.0,Current,pooled_trailing
30,0.095,0.905,10.306079907310378,25,130,5.2,0.5315604699317233,0.31872093987640104,0.0,Current,pooled_trailing
31,0.0955,0.9045,10.247316128918715,25,130,5.2,0.5346087316681486,0.38512110827927915,0.0,Current,pooled_trailing
32,0.096,0.904,10.188552350527079,25,130,5.2,0.5376921558832046,0.3873423435129278,0.0,Current,pooled_trailing
33,0.0965,0.9035,10.129788572135416,25,130,5.2,0.5408113545186205,0.38958934990144345,0.0,Current,pooled_trailing
34,0.097,0.903,10.071024793743765,25,130,5.2,0.5439669537986821,0.39186257856389073,0.0,Current,pooled_trailing
35,0.0975,0.9025,10.012261015352102,25,130,5.2,0.547159594649375,0.39416249121013575,0.0,Current,pooled_trailing
36,0.098,0.902,9.953497236960464,25,130,5.2,0.33090515359845657,0.286747170686521,0.0,Current,pooled_trailing
37,0.0985,0.9015,9.894733458568801,26,130,5.0,0.33287036440440093,0.2641582735663437,0.0,Current,pooled_trailing
38,0.099,0.901,9.823768550350666,26,130,5.0,0.3352749522911598,0.26606649926838627,0.0,Current,pooled_trailing
39,0.0995,0.9005,9.732165560830264,26,130,5.0,0.3384306926810263,0.268570822339328,0.0,Current,pooled_trailing
40,0.1,0.9,9.640562571309903,26,130,5.0,0.34164640369018334,0.27112273671592657,0.0,Current,pooled_trailing
41,0.1005,0.8995,9.548959581789502,26,130,5.0,0.3449238112096997,0.2737236120256823,0.0,Current,pooled_trailing
42,0.101,0.899,9.45735659226912,26,130,5.0,0.20448503392290146,0.18465913807347517,0.0,Current,pooled_trailing
43,0.1015,0.8985,9.365753602748718,26,130,5.0,0.16644541550988376,0.15854745685515492,0.0,Current,pooled_trailing
44,0.10200000000000001,0.898,9.274150613228358,26,130,5.0,0.16808943643304156,0.145317642961338,0.0,Current,pooled_trailing
45,0.10250000000000001,0.8975,9.182547623707954,27,130,4.814814814814815,0.16976625810770538,0.14676729844593892,0.0,Current,pooled_trailing
46,0.10300000000000001,0.897,9.113901075392297,27,130,4.814814814814815,0.18761123230047144,0.17932809094325958,0.0,Current,pooled_trailing
47,0.10350000000000001,0.8965,9.071518252183731,27,130,4.814814814814815,0.18848776624655242,0.1801659254229453,0.0,Current,pooled_trailing
48,0.10400000000000001,0.896,9.029135428975183,27,130,4.814814814814815,0.18937252910526042,0.17280904996451074,0.0,Current,pooled_trailing
49,0.10450000000000001,0.8955,8.986752605766616,27,130,4.814814814814815,0.19026563730281748,0.17362404240224474,0.0,Current,pooled_trailing
50,0.10500000000000001,0.895,8.94436978255806,27,130,4.814814814814815,0.19116720947218305,0.17444675851000666,0.0,Current,pooled_trailing
51,0.10550000000000001,0.8945,8.901986959349491,27,130,4.814814814814815,0.1920773665055884,0.17527730860618176,0.0,Current,pooled_trailing
52,0.10600000000000001,0.894,8.859604136140945,27,130,4.814814814814815,0.15923537863168793,0.15679981111433394,0.0,Current,pooled_trailing
53,0.10650000000000001,0.8935,8.817221312932377,28,130,4.642857142857143,0.1551062452110825,0.1490538252433129,0.0,Current,pooled_trailing
54,0.10700000000000001,0.893,8.72225990470889,28,130,4.642857142857143,0.14455829706405462,0.1411855914558407,0.0,Current,pooled_trailing
55,0.10750000000000001,0.8925,8.586198334959619,28,130,4.642857142857143,0.14684904647974575,0.14051735395951093,0.0,Current,pooled_trailing
56,0.10800000000000001,0.892,8.45013676521041,28,130,4.642857142857143,0.13634627874530963,0.12285122234292581,0.0,Current,pooled_trailing
57,0.10850000000000001,0.8915,8.314075195461138,28,130,4.642857142857143,0.1565392266268887,0.14755842029069854,0.0,Current,pooled_trailing
58,0.10900000000000001,0.891,8.178013625711898,28,130,4.642857142857143,0.15914364548420412,0.15540613073321305,0.0,Current,pooled_trailing
59,0.10950000000000001,0.8905,8.041952055962627,28,130,4.642857142857143,0.27465504230216753,0.2182456174141867,0.0,Current,pooled_trailing
60,0.11000000000000001,0.89,7.905890486213417,28,130,4.642857142857143,0.2793818970771401,0.2220016574640764,0.0,Current,pooled_trailing
61,0.11050000000000001,0.8895,7.769828916464147,29,130,4.482758620689655,0.28427430074323573,0.2258892455083249,0.0,Current,pooled_trailing
62,0.11100000000000002,0.889,7.704119894191567,29,130,4.482758620689655,0.28669889779203583,0.22781587199754053,0.0,Current,pooled_trailing
63,0.11150000000000002,0.8885,7.675282387765179,29,130,4.482758620689655,0.28777608047924164,0.22468949779072403,0.0,Current,pooled_trailing
64,0.11200000000000002,0.888,7.646444881338804,29,130,4.482758620689655,0.2888613880566794,0.21935153189617287,0.0,Current,pooled_trailing
0,0.1,0.9,52.409766215599625,26,127,4.884615384615385,,,1.0,Current,diversity_optimal
1,0.0955,0.9045,59.875495908719,25,127,5.08,,,1.0,Current,diversity_optimal
2,0.091,0.909,62.080843310874386,24,127,5.291666666666667,,,0.0,Current,diversity_optimal
3,0.0915,0.9085,61.88444936687823,24,127,5.291666666666667,,,0.0,Current,diversity_optimal
4,0.092,0.908,61.68805542288216,24,127,5.291666666666667,,,1.0,Current,diversity_optimal
5,0.0875,0.9125,62.30567246107465,23,127,5.521739130434782,,,1.0,Current,diversity_optimal
6,0.08299999999999999,0.917,64.09174226714863,22,127,5.7727272727272725,1.5590151939310875,1.4753374753446045,0.0,Current,diversity_optimal
7,0.08349999999999999,0.9165,63.8664294822222,22,127,5.7727272727272725,1.5645152047808408,1.4805422816563265,0.0,Current,diversity_optimal
8,0.08399999999999999,0.916,63.64502088328103,22,127,5.7727272727272725,1.569957847656989,1.485692799131305,0.0,Current,diversity_optimal
9,0.08449999999999999,0.9155,63.42361228433975,22,127,5.7727272727272725,1.5754384905110768,1.4908792769944403,0.0,Current,diversity_optimal
10,0.08499999999999999,0.915,63.202203685398516,22,127,5.7727272727272725,1.5809575327052137,1.4961020931727014,0.0,Current,diversity_optimal
11,0.08549999999999999,0.9145,62.980795086457235,22,127,5.7727272727272725,1.4162078825975897,0.7152354363633131,0.0,Current,diversity_optimal
12,0.086,0.914,62.75938648751606,22,127,5.7727272727272725,0.014313308477221984,0.01430006779927875,0.0,Current,diversity_optimal
13,0.0865,0.9135,62.53797788857478,22,127,5.7727272727272725,0.014363983118186593,0.014362374015086558,0.0,Current,diversity_optimal
14,0.087,0.913,62.33341023126413,23,127,5.521739130434782,0.04056623291850327,0.02748867809388897,0.0,Current,diversity_optimal
15,0.0875,0.9125,62.30567246107465,23,127,5.521739130434782,0.04058429253974962,0.028616211819059885,0.0,Current,diversity_optimal
16,0.088,0.912,62.27793469088518,23,127,5.521739130434782,0.04060236824802989,0.030424897138432785,0.0,Current,diversity_optimal
17,0.0885,0.9115,62.2501969206957,23,127,5.521739130434782,0.04062046006484851,0.030438454024139344,0.0,Current,diversity_optimal
18,0.089,0.911,62.222459150506225,23,127,5.521739130434782,0.04063856801174826,0.03045202299672852,0.0,Current,diversity_optimal
19,0.0895,0.9105,62.19472138031674,23,127,5.521739130434782,0.040656692110310366,0.03046560407237195,0.0,Current,diversity_optimal
20,0.09,0.91,62.16698361012727,23,127,5.521739130434782,0.020283562152385675,0.01848441685380442,0.0,Current,diversity_optimal
21,0.0905,0.9095,62.139245839937786,23,127,5.521739130434782,0.020292616346365693,0.017343238283975316,0.0,Current,diversity_optimal
22,0.091,0.909,62.080843310874386,24,127,5.291666666666667,0.016922517755691986,0.015664959497825297,0.0,Current,diversity_optimal
23,0.0915,0.9085,61.88444936687823,24,127,5.291666666666667,0.017320153490108514,0.017148187926171805,0.0,Current,diversity_optimal
24,0.092,0.908,61.68805542288216,24,127,5.291666666666667,0.017375295011935087,0.01720278196769443,0.0,Current,diversity_optimal
25,0.0925,0.9075,61.491661478886,24,127,5.291666666666667,0.01743078875911026,0.017257724737447064,0.0,Current,diversity_optimal
26,0.093,0.907,61.29526753488989,24,127,5.291666666666667,0.01780271649346468,0.01764467730537804,0.0,Current,diversity_optimal
27,0.0935,0.9065,61.09887359089373,24,127,5.291666666666667,0.01785994088240199,0.017701393699034423,0.0,Current,diversity_optimal
28,0.094,0.906,60.90247964689767,24,127,5.291666666666667,0.01791753433754155,0.017854085474422556,0.0,Current,diversity_optimal
29,0.0945,0.9055,60.70608570290151,25,127,5.08,0.017975500440848852,0.017911846310460097,0.0,Current,diversity_optimal
30,0.095,0.905,60.41481208883323,25,127,5.08,0.09067817128403151,0.05437016785998404,0.0,Current,diversity_optimal
31,0.0955,0.9045,59.875495908719,25,127,5.08,0.09149493620955634,0.06591106569662046,0.0,Current,diversity_optimal
32,0.096,0.904,59.33617972860502,25,127,5.08,0.09232654855335748,0.06651014208376452,0.0,Current,diversity_optimal
33,0.0965,0.9035,58.7968635484908,25,127,5.08,0.09317341688074472,0.06712020856695179,0.0,Current,diversity_optimal
34,0.097,0.903,58.25754736837669,25,127,5.08,0.09403596488611406,0.06774157036688984,0.0,Current,diversity_optimal
35,0.0975,0.9025,57.718231188262465,25,127,5.08,0.09491463209977684,0.06837454411215318,0.0,Current,diversity_optimal
36,0.098,0.902,57.17891500814848,25,127,5.08,0.057602763738501164,0.049915902929039115,0.0,Current,diversity_optimal
37,0.0985,0.9015,56.63959882803425,26,127,4.884615384615385,0.0581512510715028,0.04614749683786533,0.0,Current,diversity_optimal
38,0.099,0.901,55.69108747662569,26,127,4.884615384615385,0.05914166307886537,0.04693346505240553,0.0,Current,diversity_optimal
39,0.0995,0.9005,54.05042684611229,26,127,4.884615384615385,0.06093686441025988,0.048358095584635954,0.0,Current,diversity_optimal
40,0.1,0.9,52.409766215599625,26,127,4.884615384615385,0.06284446144043027,0.04987192076114791,0.0,Current,diversity_optimal
41,0.1005,0.8995,50.76910558508623,26,127,4.884615384615385,0.06487535074885682,0.05148358785707042,0.0,Current,diversity_optimal
42,0.101,0.899,49.1284449545732,26,127,4.884615384615385,0.03936391402942437,0.035547376237874365,0.0,Current,diversity_optimal
43,0.1015,0.8985,47.487784324059795,26,127,4.884615384615385,0.03282711063828025,0.03126943984403749,0.0,Current,diversity_optimal
44,0.10200000000000001,0.898,45.84712369354713,26,127,4.884615384615385,0.03400184405007965,0.029395469094007254,0.0,Current,diversity_optimal
45,0.10250000000000001,0.8975,44.20646306303374,27,127,4.703703703703703,0.03526377461480901,0.030486440538369203,0.0,Current,diversity_optimal
46,0.10300000000000001,0.897,43.29474459955709,27,127,4.703703703703703,0.039493712865936,0.03775004324456832,0.0,Current,diversity_optimal
47,0.10350000000000001,0.8965,43.216985394977975,27,127,4.703703703703703,0.03956477288250735,0.03781796592146716,0.0,Current,diversity_optimal
48,0.10400000000000001,0.896,43.139226190398894,27,127,4.703703703703703,0.03963608907290718,0.03616931626440188,0.0,Current,diversity_optimal
49,0.10450000000000001,0.8955,43.061466985819784,27,127,4.703703703703703,0.03970766282491035,0.036234629814073015,0.0,Current,diversity_optimal
50,0.10500000000000001,0.895,42.98370778124068,27,127,4.703703703703703,0.039779495536333816,0.036300179673263856,0.0,Current,diversity_optimal
51,0.10550000000000001,0.8945,42.905948576661565,27,127,4.703703703703703,0.039851588615127706,0.03636596712677811,0.0,Current,diversity_optimal
52,0.10600000000000001,0.894,42.82818937208249,27,127,4.703703703703703,0.032940043458033176,0.03243621258479375,0.0,Current,diversity_optimal
53,0.10650000000000001,0.8935,42.750430167503374,28,127,4.535714285714286,0.031990463854645705,0.030742160010086936,0.0,Current,diversity_optimal
54,0.10700000000000001,0.893,42.68625166725008,28,127,4.535714285714286,0.029538199985410626,0.028849040976410986,0.0,Current,diversity_optimal
55,0.10750000000000001,0.8925,42.632689069673994,28,127,4.535714285714286,0.02957531100874661,0.028300111884293818,0.0,Current,diversity_optimal
56,0.10800000000000001,0.892,42.579126472097926,28,127,4.535714285714286,0.02705890886653974,0.024380716951797225,0.0,Current,diversity_optimal
57,0.10850000000000001,0.8915,42.525563874521836,28,127,4.535714285714286,0.03060462419864666,0.028848807405357908,0.0,Current,diversity_optimal
58,0.10900000000000001,0.891,42.47200127694576,28,127,4.535714285714286,0.030643220523769887,0.029923559437855962,0.0,Current,diversity_optimal
59,0.10950000000000001,0.8905,42.41843867936967,28,127,4.535714285714286,0.05207081521358909,0.04137636476758065,0.0,Current,diversity_optimal
60,0.11000000000000001,0.89,42.364876081793604,28,127,4.535714285714286,0.052136649186887124,0.04142867757432479,0.0,Current,diversity_optimal
61,0.11050000000000001,0.8895,42.31131348421752,29,127,4.379310344827586,0.05220264984083525,0.04148112282837843,0.0,Current,diversity_optimal
62,0.11100000000000002,0.889,42.006959383636215,29,127,4.379310344827586,0.05258087503907365,0.04178166707187471,0.0,Current,diversity_optimal
63,0.11150000000000002,0.8885,41.57116636280511,29,127,4.379310344827586,0.05313208349378093,0.041484410854826424,0.0,Current,diversity_optimal
64,0.11200000000000002,0.888,41.13537334197419,29,127,4.379310344827586,0.053694971083892304,0.04077413821767494,0.0,Current,diversity_optimal
0,0.1,0.9,5.866758588605404,26,131,5.038461538461538,,,1.0,1M,pooled_trailing
1,0.0955,0.9045,6.782636667432286,25,131,5.24,,,1.0,1M,pooled_trailing
2,0.091,0.909,7.02265494357245,24,131,5.458333333333333,,,1.0,1M,pooled_trailing
3,0.0865,0.9135,8.322022784843403,22,131,5.954545454545454,,,1.0,1M,pooled_trailing
4,0.08199999999999999,0.918,11.398805186091078,21,131,6.238095238095238,,,1.0,1M,pooled_trailing
5,0.07749999999999999,0.9225,16.070560907119972,20,131,6.55,,,1.0,1M,pooled_trailing
6,0.07299999999999998,0.927,18.02189997062314,19,131,6.894736842105263,4.975127717770639,4.188154653048428,0.0,1M,pooled_trailing
7,0.07349999999999998,0.9265,17.696545968616547,19,131,6.894736842105263,5.066596285497991,4.265154587375068,0.0,1M,pooled_trailing
8,0.07399999999999998,0.926,17.371191966610102,19,131,6.894736842105263,5.1614911770636525,3.4997714633737487,0.0,1M,pooled_trailing
9,0.07449999999999998,0.9255,17.045837964603514,19,131,6.894736842105263,5.260008587252963,3.5665716203435376,0.0,1M,pooled_trailing
10,0.07499999999999998,0.925,16.720483962596997,20,131,6.55,1.9095828721073964,1.4599437723299826,0.0,1M,pooled_trailing
11,0.07549999999999998,0.9245,16.558339780981218,20,131,6.55,1.0201978760065642,0.53581103078538,0.0,1M,pooled_trailing
12,0.07599999999999998,0.924,16.436395062515942,20,131,6.55,0.05305011434559204,0.05242791282616473,0.0,1M,pooled_trailing
13,0.07649999999999998,0.9235,16.31445034405061,20,131,6.55,0.05344664509728764,0.05344188737345903,0.0,1M,pooled_trailing
14,0.07699999999999999,0.923,16.192505625585305,20,131,6.55,0.053849148344160415,0.05384435479021964,0.0,1M,pooled_trailing
15,0.07749999999999999,0.9225,16.070560907119972,20,131,6.55,0.05425776004554274,0.05425293011772621,0.0,1M,pooled_trailing
16,0.07799999999999999,0.922,15.948616188654698,20,131,6.55,0.05467262031900125,0.05466775346107236,0.0,1M,pooled_trailing
17,0.07849999999999999,0.9215,15.826671470189366,20,131,6.55,0.05509387360053429,0.05508896924339901,0.0,1M,pooled_trailing
18,0.07899999999999999,0.921,15.704726751724063,21,131,6.238095238095238,0.05551178393484523,0.05523158588601284,0.0,1M,pooled_trailing
19,0.07949999999999999,0.9205,15.03897808630895,21,131,6.238095238095238,0.057383987506210876,0.05673993186679467,0.0,1M,pooled_trailing
20,0.07999999999999999,0.92,14.31094350626554,21,131,6.238095238095238,0.05894961802808408,0.05819739178410568,0.0,1M,pooled_trailing
21,0.08049999999999999,0.9195,13.582908926221801,21,131,6.238095238095238,0.0621092770258679,0.06164586389157228,0.0,1M,pooled_trailing
22,0.08099999999999999,0.919,12.854874346178228,21,131,6.238095238095238,0.06562682999438688,0.06513717150151925,0.0,1M,pooled_trailing
23,0.08149999999999999,0.9185,12.12683976613449,21,131,6.238095238095238,0.0685286251443592,0.0681599743689414,0.0,1M,pooled_trailing
24,0.08199999999999999,0.918,11.398805186091078,21,131,6.238095238095238,0.07290550570450804,0.07119198295959883,0.0,1M,pooled_trailing
25,0.08249999999999999,0.9175,10.670770606047341,21,131,6.238095238095238,0.0937219943184004,0.08580081168619295,0.0,1M,pooled_trailing
26,0.08299999999999999,0.917,9.942736026003766,22,131,5.954545454545454,0.1644375936346357,0.13251108555440919,0.0,1M,pooled_trailing
27,0.08349999999999999,0.9165,9.707837530530693,22,131,5.954545454545454,0.3747331959670141,0.2715748256716296,0.0,1M,pooled_trailing
28,0.08399999999999999,0.916,9.476868406249539,22,131,5.954545454545454,0.3838661494281493,0.31014102924316644,0.0,1M,pooled_trailing
29,0.08449999999999999,0.9155,9.24589928196828,22,131,5.954545454545454,0.39345539820436615,0.31788857220717903,1.0,1M,pooled_trailing
30,0.07999999999999999,0.92,14.31094350626554,21,131,6.238095238095238,2.106739229537342,1.1804698643836455,0.0,1M,pooled_trailing
31,0.08049999999999999,0.9195,13.582908926221801,21,131,6.238095238095238,2.219659003833769,1.434251669956581,0.0,1M,pooled_trailing
32,0.08099999999999999,0.919,12.854874346178228,21,131,6.238095238095238,2.3453691793810307,1.5154803762118134,0.0,1M,pooled_trailing
33,0.08149999999999999,0.9185,12.12683976613449,21,131,6.238095238095238,2.486173370620252,1.6064622099407493,0.0,1M,pooled_trailing
34,0.08199999999999999,0.918,11.398805186091078,21,131,6.238095238095238,2.644963713664559,1.7090659496552354,0.0,1M,pooled_trailing
35,0.08249999999999999,0.9175,10.670770606047341,21,131,6.238095238095238,2.825421631616371,1.825670378413094,0.0,1M,pooled_trailing
36,0.08299999999999999,0.917,9.942736026003766,22,131,5.954545454545454,0.8863952036151452,0.5479089210145746,0.0,1M,pooled_trailing
37,0.08349999999999999,0.9165,9.707837530530693,22,131,5.954545454545454,0.2144899937881273,0.18805672439506682,0.0,1M,pooled_trailing
38,0.08399999999999999,0.916,9.476868406249539,22,131,5.954545454545454,0.21971751873715417,0.21500372141145088,0.0,1M,pooled_trailing
39,0.08449999999999999,0.9155,9.24589928196828,22,131,5.954545454545454,0.22520621825077988,0.22037466692331276,0.0,1M,pooled_trailing
40,0.08499999999999999,0.915,9.014930157687074,22,131,5.954545454545454,0.2309761667808537,0.2260208275637962,0.0,1M,pooled_trailing
41,0.08549999999999999,0.9145,8.783961033405816,22,131,5.954545454545454,0.23704955016317167,0.23196391319602994,0.0,1M,pooled_trailing
42,0.086,0.914,8.55299190912466,22,131,5.954545454545454,0.23300500677368158,0.20822562547986134,0.0,1M,pooled_trailing
43,0.0865,0.9135,8.322022784843403,22,131,5.954545454545454,0.23947181944159215,0.1832024896451838,0.0,1M,pooled_trailing
44,0.087,0.913,8.099190328246056,23,131,5.695652173913044,0.1304254629909948,0.12092067495002204,0.0,1M,pooled_trailing
45,0.0875,0.9125,7.961792882329232,23,131,5.695652173913044,0.11333860187062998,0.10841672396045383,0.0,1M,pooled_trailing
46,0.088,0.912,7.82439543641247,23,131,5.695652173913044,0.1168288091225047,0.11107051935870892,0.0,1M,pooled_trailing
47,0.0885,0.9115,7.686997990495645,23,131,5.695652173913044,0.11891700792297055,0.11375600103077045,0.0,1M,pooled_trailing
48,0.089,0.911,7.549600544578852,23,131,5.695652173913044,0.12108121423669609,0.11582628063126656,0.0,1M,pooled_trailing
49,0.0895,0.9105,7.412203098662028,23,131,5.695652173913044,0.33781202250406317,0.2305688386713609,0.0,1M,pooled_trailing
50,0.09,0.91,7.274805652745266,23,131,5.695652173913044,0.34419219419628133,0.2349235350101537,0.0,1M,pooled_trailing
51,0.0905,0.9095,7.137408206828441,23,131,5.695652173913044,0.35081800667844154,0.23944589001084796,0.0,1M,pooled_trailing
52,0.091,0.909,7.02265494357245,24,131,5.458333333333333,0.35655052684336286,0.23770930285751526,0.0,1M,pooled_trailing
53,0.0915,0.9085,7.009800502290076,24,131,5.458333333333333,0.3572043625423974,0.23734969205857168,0.0,1M,pooled_trailing
54,0.092,0.908,6.996946061007708,24,131,5.458333333333333,0.3578606006302819,0.23778573910729162,0.0,1M,pooled_trailing
55,0.0925,0.9075,6.9840916197253335,24,131,5.458333333333333,0.11792752817346745,0.10739897941725558,0.0,1M,pooled_trailing
56,0.093,0.907,6.971237178442963,24,131,5.458333333333333,0.11814497773768089,0.10759701512302308,0.0,1M,pooled_trailing
57,0.0935,0.9065,6.958382737160589,24,131,5.458333333333333,0.11836323070485759,0.11413274413521095,0.0,1M,pooled_trailing
58,0.094,0.906,6.945528295878221,24,131,5.458333333333333,0.1101056592445287,0.10483968693300968,0.0,1M,pooled_trailing
59,0.0945,0.9055,6.932673854595847,25,131,5.24,0.15396583951607137,0.13213782736357899,0.0,1M,pooled_trailing
60,0.095,0.905,6.892875198694544,25,131,5.24,0.201887522271997,0.1783711712765538,0.0,1M,pooled_trailing
61,0.0955,0.9045,6.782636667432286,25,131,5.24,0.2450439760911622,0.22510639315432143,0.0,1M,pooled_trailing
62,0.096,0.904,6.672398136170079,25,131,5.24,0.2490924887050163,0.22882550548134892,0.0,1M,pooled_trailing
63,0.0965,0.9035,6.562159604907822,25,131,5.24,0.25327702424766974,0.23266957346481298,0.0,1M,pooled_trailing
64,0.097,0.903,6.45192107364559,25,131,5.24,0.2576045550461448,0.23664500214030332,,1M,pooled_trailing
0,0.1,0.9,48.61840442605065,26,127,4.884615384615385,,,0.0,1M,diversity_optimal
1,0.1005,0.8995,48.37102461593317,26,127,4.884615384615385,,,1.0,1M,diversity_optimal
2,0.096,0.904,50.970375467345406,25,127,5.08,,,0.0,1M,diversity_optimal
3,0.0965,0.9035,50.656737273962555,25,127,5.08,,,1.0,1M,diversity_optimal
4,0.092,0.908,55.36656462366736,24,127,5.291666666666667,,,0.0,1M,diversity_optimal
5,0.0925,0.9075,54.72320809247875,24,127,5.291666666666667,,,0.0,1M,diversity_optimal
6,0.093,0.907,54.07985156129028,24,127,5.291666666666667,1.6579419410780245,1.395686231372078,0.0,1M,diversity_optimal
7,0.0935,0.9065,53.436495030101675,24,127,5.291666666666667,1.67790297661232,1.4124898007666915,0.0,1M,diversity_optimal
8,0.094,0.906,52.79313849891336,24,127,5.291666666666667,1.6983505171336337,1.151573929077558,0.0,1M,diversity_optimal
9,0.0945,0.9055,52.14978196772475,25,127,5.08,1.719302568249048,1.1657805581460572,0.0,1M,diversity_optimal
10,0.095,0.905,51.59765185411097,25,127,5.08,0.6188101326509827,0.47310227412203304,0.0,1M,diversity_optimal
11,0.0955,0.9045,51.28401366072812,25,127,5.08,0.32939666513832283,0.17300013148027354,0.0,1M,diversity_optimal
12,0.096,0.904,50.970375467345406,25,127,5.08,0.017107047564411584,0.016906406507954056,0.0,1M,diversity_optimal
13,0.0965,0.9035,50.656737273962555,25,127,5.08,0.017212964837827735,0.017211432570782333,0.0,1M,diversity_optimal
14,0.097,0.903,50.34309908057977,25,127,5.08,0.017320201843357662,0.017318660030267684,0.0,1M,diversity_optimal
15,0.0975,0.9025,50.02946088719692,25,127,5.08,0.01742878340148049,0.017427231922656293,0.0,1M,diversity_optimal
16,0.098,0.902,49.715822693814204,25,127,5.08,0.017538734959007048,0.017537173692493756,0.0,1M,diversity_optimal
17,0.0985,0.9015,49.402184500431346,26,127,4.884615384615385,0.017650082608961993,0.017648511430481986,0.0,1M,diversity_optimal
18,0.099,0.901,49.1131640462855,26,127,4.884615384615385,0.01775078871676616,0.017661190869045905,0.0,1M,diversity_optimal
19,0.0995,0.9005,48.86578423616802,26,127,4.884615384615385,0.017660548052192825,0.01746233290433534,0.0,1M,diversity_optimal
20,0.1,0.9,48.61840442605065,26,127,4.884615384615385,0.017351960914287305,0.017130541322085774,0.0,1M,diversity_optimal
21,0.1005,0.8995,48.37102461593317,26,127,4.884615384615385,0.017440702569652786,0.017310573045865956,0.0,1M,diversity_optimal
22,0.101,0.899,48.12364480581575,26,127,4.884615384615385,0.01753035657876628,0.01739955812358377,0.0,1M,diversity_optimal
23,0.1015,0.8985,47.87626499569827,26,127,4.884615384615385,0.017357988485396852,0.01726461092381066,0.0,1M,diversity_optimal
24,0.10200000000000001,0.898,47.628885185580906,26,127,4.884615384615385,0.017448144194034704,0.017038054563025047,0.0,1M,diversity_optimal
25,0.10250000000000001,0.8975,47.381505375463426,27,127,4.703703703703703,0.021107094301626363,0.019323167806951008,0.0,1M,diversity_optimal
26,0.10300000000000001,0.897,47.22533730863516,27,127,4.703703703703703,0.034620389804214426,0.02789864126488266,0.0,1M,diversity_optimal
27,0.10350000000000001,0.8965,47.17352165997668,27,127,4.703703703703703,0.07711633254700898,0.055887374786334314,0.0,1M,diversity_optimal
28,0.10400000000000001,0.896,47.121706011318224,27,127,4.703703703703703,0.07720113068212157,0.062373924254998665,0.0,1M,diversity_optimal
29,0.10450000000000001,0.8955,47.06989036265974,27,127,4.703703703703703,0.07728611551281997,0.06244258694615318,0.0,1M,diversity_optimal
30,0.10500000000000001,0.895,47.018074714001266,27,127,4.703703703703703,0.641230553988725,0.3593009208225327,0.0,1M,diversity_optimal
31,0.10550000000000001,0.8945,46.96625906534279,27,127,4.703703703703703,0.641937993281438,0.414793730605582,0.0,1M,diversity_optimal
32,0.10600000000000001,0.894,46.91444341668433,27,127,4.703703703703703,0.6426469952667105,0.41525185830881184,0.0,1M,diversity_optimal
33,0.10650000000000001,0.8935,46.862627768025845,28,127,4.535714285714286,0.6433575651281149,0.41571099910862824,0.0,1M,diversity_optimal
34,0.10700000000000001,0.893,46.69322075407941,28,127,4.535714285714286,0.6456917216126765,0.4172192343060799,0.0,1M,diversity_optimal
35,0.10750000000000001,0.8925,46.43189372923881,28,127,4.535714285714286,0.6493257904179941,0.419567418979384,0.0,1M,diversity_optimal
36,0.10800000000000001,0.892,46.170566704398325,28,127,4.535714285714286,0.1908833733986133,0.11799105267255686,0.0,1M,diversity_optimal
37,0.10850000000000001,0.8915,45.90923967955773,28,127,4.535714285714286,0.04535544535595622,0.03976594122868915,0.0,1M,diversity_optimal
38,0.10900000000000001,0.891,45.64791265471718,28,127,4.535714285714286,0.045615098052123146,0.04463647637258826,0.0,1M,diversity_optimal
39,0.10950000000000001,0.8905,45.386585629876585,28,127,4.535714285714286,0.04587774080650401,0.044893484415998726,0.0,1M,diversity_optimal
40,0.11000000000000001,0.89,45.1252586050361,28,127,4.535714285714286,0.04614342556670233,0.045153469202342894,0.0,1M,diversity_optimal
41,0.11050000000000001,0.8895,44.863931580195505,29,127,4.379310344827586,0.04641220549067634,0.045416482749133534,0.0,1M,diversity_optimal
42,0.11100000000000002,0.889,44.47440576006843,29,127,4.379310344827586,0.04480981597533028,0.040044426891493456,0.0,1M,diversity_optimal
43,0.11150000000000002,0.8885,44.017691414700735,29,127,4.379310344827586,0.04527474916722378,0.034636421040429126,0.0,1M,diversity_optimal
44,0.11200000000000002,0.888,43.56097706933325,29,127,4.379310344827586,0.024249700522841085,0.02248249756844111,0.0,1M,diversity_optimal
45,0.11250000000000002,0.8875,43.10426272396555,29,127,4.379310344827586,0.020934785022201873,0.02002566443791343,0.0,1M,diversity_optimal
46,0.11300000000000002,0.887,42.64754837859795,29,127,4.379310344827586,0.021434169974430803,0.020377716840257333,0.0,1M,diversity_optimal
47,0.11350000000000002,0.8865,42.19083403323026,29,127,4.379310344827586,0.021666194136377017,0.020725879716945783,0.0,1M,diversity_optimal
48,0.11400000000000002,0.886,41.734119687862766,29,127,4.379310344827586,0.021903296577871146,0.020952691895036204,0.0,1M,diversity_optimal
49,0.11450000000000002,0.8855,41.27740534249507,30,127,4.233333333333333,0.06066106382399252,0.041403354844480204,0.0,1M,diversity_optimal
50,0.11500000000000002,0.885,40.999883863840374,30,127,4.233333333333333,0.06107166859997455,0.041683607351923016,0.0,1M,diversity_optimal
51,0.11550000000000002,0.8845,40.78177896730621,30,127,4.233333333333333,0.06139828578780848,0.041906535313843224,0.0,1M,diversity_optimal
52,0.11600000000000002,0.884,40.563674070772144,30,127,4.233333333333333,0.061728415320595746,0.041153826646298006,0.0,1M,diversity_optimal
53,0.11650000000000002,0.8835,40.34556917423798,30,127,4.233333333333333,0.0620621141606982,0.041238084495110974,0.0,1M,diversity_optimal
54,0.11700000000000002,0.883,40.12746427770386,30,127,4.233333333333333,0.06239944050890777,0.041462225948202217,0.0,1M,diversity_optimal
55,0.11750000000000002,0.8825,39.90935938116969,30,127,4.233333333333333,0.02063718070202454,0.018794696876768664,0.0,1M,diversity_optimal
56,0.11800000000000002,0.882,39.69125448463563,30,127,4.233333333333333,0.020750582765532315,0.018897974424201276,0.0,1M,diversity_optimal
57,0.11850000000000002,0.8815,39.473149588101464,31,127,4.096774193548387,0.02086523801230959,0.02011948184582187,0.0,1M,diversity_optimal
58,0.11900000000000002,0.881,39.4053205170746,31,127,4.096774193548387,0.0194070740139731,0.018478900883669075,0.0,1M,diversity_optimal
59,0.11950000000000002,0.8805,39.364878161911186,31,127,4.096774193548387,0.02711541353497093,0.02327121291214758,0.0,1M,diversity_optimal
60,0.12000000000000002,0.88,39.32443580674779,31,127,4.096774193548387,0.035387297151145754,0.03126529846979477,0.0,1M,diversity_optimal
61,0.12050000000000002,0.8795,39.28399345158438,31,127,4.096774193548387,0.042308434335162654,0.038866081121911755,0.0,1M,diversity_optimal
62,0.12100000000000002,0.879,39.24355109642098,31,127,4.096774193548387,0.042352035198998494,0.03890613447622416,0.0,1M,diversity_optimal
63,0.12150000000000002,0.8785,39.203108741257566,31,127,4.096774193548387,0.042395726021089056,0.03894627046949214,0.0,1M,diversity_optimal
64,0.12200000000000003,0.878,39.16266638609417,31,127,4.096774193548387,0.04243950708012756,0.038986489357733516,,1M,diversity_optimal
0,0.1,0.9,13.41245048537085,26,129,4.961538461538462,,,0.0,3M,pooled_trailing
1,0.1005,0.8995,13.237997217534742,26,129,4.961538461538462,,,1.0,3M,pooled_trailing
2,0.096,0.904,15.322089465804478,25,129,5.16,,,1.0,3M,pooled_trailing
3,0.0915,0.9085,16.08127555463037,24,129,5.375,,,1.0,3M,pooled_trailing
4,0.087,0.913,16.637389575751516,23,129,5.608695652173913,,,1.0,3M,pooled_trailing
5,0.08249999999999999,0.9175,19.101089388364837,21,129,6.142857142857143,,,0.0,3M,pooled_trailing
6,0.08299999999999999,0.917,18.904028896667796,22,129,5.863636363636363,4.651572911432287,4.640604723499708,0.0,3M,pooled_trailing
7,0.08349999999999999,0.9165,18.618941818938506,22,129,5.863636363636363,4.7227962570477775,4.711660127850002,0.0,3M,pooled_trailing
8,0.08399999999999999,0.916,18.333153334149326,22,129,5.863636363636363,4.796418113673803,4.778659508468756,0.0,3M,pooled_trailing
9,0.08449999999999999,0.9155,18.04736484936002,22,129,5.863636363636363,4.836292001450768,3.548262560203901,0.0,3M,pooled_trailing
10,0.08499999999999999,0.915,17.76157636457077,22,129,5.863636363636363,2.296600870618181,1.4110797674184565,0.0,3M,pooled_trailing
11,0.08549999999999999,0.9145,17.475787879781464,22,129,5.863636363636363,0.5341533333316903,0.31985140297107756,0.0,3M,pooled_trailing
12,0.086,0.914,17.189999394992284,22,129,5.863636363636363,0.10730426172677092,0.10697671741955696,0.0,3M,pooled_trailing
13,0.0865,0.9135,16.904210910202973,22,129,5.863636363636363,0.10911838499660187,0.108785303111103,0.0,3M,pooled_trailing
14,0.087,0.913,16.637389575751516,23,129,5.608695652173913,0.1108683658433818,0.11052994217317771,0.0,3M,pooled_trailing
15,0.0875,0.9125,16.569723319846897,23,129,5.608695652173913,0.1217636181254431,0.11654237015229349,0.0,3M,pooled_trailing
16,0.088,0.912,16.50205706394231,23,129,5.608695652173913,0.12485434345322871,0.12355862506435018,0.0,3M,pooled_trailing
17,0.0885,0.9115,16.43439080803769,23,129,5.608695652173913,0.12536841337243604,0.12406736004823156,0.0,3M,pooled_trailing
18,0.089,0.911,16.366724552133086,23,129,5.608695652173913,0.12588673401225567,0.12458030163942722,0.0,3M,pooled_trailing
19,0.0895,0.9105,16.299058296228466,23,129,5.608695652173913,0.12657905611879433,0.12649420721632088,0.0,3M,pooled_trailing
20,0.09,0.91,16.23139204032388,23,129,5.608695652173913,0.12710674535100663,0.12702154272609623,0.0,3M,pooled_trailing
21,0.0905,0.9095,16.16372578441926,23,129,5.608695652173913,0.12763885271739214,0.12755329340846602,0.0,3M,pooled_trailing
22,0.091,0.909,16.104195264210087,24,129,5.375,0.13688079533922207,0.1324957379369659,0.0,3M,pooled_trailing
23,0.0915,0.9085,16.08127555463037,24,129,5.375,0.13707588359982414,0.13268457642951886,0.0,3M,pooled_trailing
24,0.092,0.908,16.05835584505066,24,129,5.375,0.13727152875010012,0.13287395397145502,0.0,3M,pooled_trailing
25,0.0925,0.9075,16.035436135470942,24,129,5.375,0.13746773317796454,0.1309357252805102,0.0,3M,pooled_trailing
26,0.093,0.907,16.012516425891228,24,129,5.375,0.13766449928500352,0.13671252904798645,0.0,3M,pooled_trailing
27,0.0935,0.9065,15.98959671631151,24,129,5.375,0.5109276390661196,0.32439473427634646,0.0,3M,pooled_trailing
28,0.094,0.906,15.966677006731802,24,129,5.375,0.5116610611237403,0.3312130271703751,0.0,3M,pooled_trailing
29,0.0945,0.9055,15.943757297152082,25,129,5.16,0.5123965918211564,0.34333295708453604,1.0,3M,pooled_trailing
30,0.09,0.91,16.23139204032388,23,129,5.608695652173913,2.290251386807719,1.3967839270165017,1.0,3M,pooled_trailing
31,0.08549999999999999,0.9145,17.475787879781464,22,129,5.863636363636363,2.12716979548486,1.6601946449577174,0.0,3M,pooled_trailing
32,0.086,0.914,17.189999394992284,22,129,5.863636363636363,2.1625345804840976,1.687795839183227,0.0,3M,pooled_trailing
33,0.0865,0.9135,16.904210910202973,22,129,5.863636363636363,2.1990951442598377,1.7163303042390754,0.0,3M,pooled_trailing
34,0.087,0.913,16.637389575751516,23,129,5.608695652173913,2.234363026778639,1.743855868874768,0.0,3M,pooled_trailing
35,0.0875,0.9125,16.569723319846897,23,129,5.608695652173913,2.2434875593634844,1.750977303264847,0.0,3M,pooled_trailing
36,0.088,0.912,16.50205706394231,23,129,5.608695652173913,1.2636273585704834,0.7125446261954209,0.0,3M,pooled_trailing
37,0.0885,0.9115,16.43439080803769,23,129,5.608695652173913,0.16212669009748915,0.15406257761292705,0.0,3M,pooled_trailing
38,0.089,0.911,16.366724552133086,23,129,5.608695652173913,0.1466020782380979,0.14317361783442942,0.0,3M,pooled_trailing
39,0.0895,0.9105,16.299058296228466,23,129,5.608695652173913,0.1472107032004679,0.14376800939295378,0.0,3M,pooled_trailing
40,0.09,0.91,16.23139204032388,23,129,5.608695652173913,0.147824402696476,0.1443673568112349,0.0,3M,pooled_trailing
41,0.0905,0.9095,16.16372578441926,23,129,5.608695652173913,0.14844324045673107,0.14447296099643653,0.0,3M,pooled_trailing
42,0.091,0.909,16.104195264210087,24,129,5.375,0.14102206158496808,0.12984560900410952,0.0,3M,pooled_trailing
43,0.0915,0.9085,16.08127555463037,24,129,5.375,0.14122305215222006,0.1300306704215615,0.0,3M,pooled_trailing
44,0.092,0.908,16.05835584505066,24,129,5.375,0.13106630087886859,0.125037102317177,0.0,3M,pooled_trailing
45,0.0925,0.9075,16.035436135470942,24,129,5.375,0.13125363607364926,0.12592626487324837,0.0,3M,pooled_trailing
46,0.093,0.907,16.012516425891228,24,129,5.375,0.1314415075574359,0.12610651095965902,0.0,3M,pooled_trailing
47,0.0935,0.9065,15.98959671631151,24,129,5.375,0.13975616297039645,0.1356930403033986,0.0,3M,pooled_trailing
48,0.094,0.906,15.966677006731802,24,129,5.375,0.1608914572095185,0.15042411808347128,0.0,3M,pooled_trailing
49,0.0945,0.9055,15.943757297152082,25,129,5.16,0.1611227443148333,0.15450039346193814,0.0,3M,pooled_trailing
50,0.095,0.905,15.85364382163037,25,129,5.16,0.16203857985643896,0.15537858699151216,0.0,3M,pooled_trailing
51,0.0955,0.9045,15.587866643717364,25,129,5.16,0.16480137976046774,0.1580278322861118,0.0,3M,pooled_trailing
52,0.096,0.904,15.322089465804478,25,129,5.16,0.16766002679595463,0.16076898527248673,0.0,3M,pooled_trailing
53,0.0965,0.9035,15.056312287891473,25,129,5.16,0.18863757030816974,0.17962858350599423,0.0,3M,pooled_trailing
54,0.097,0.903,14.790535109978526,25,129,5.16,0.19202727600252534,0.17571770561629566,0.0,3M,pooled_trailing
55,0.0975,0.9025,14.524757932065521,25,129,5.16,0.19554103284012483,0.17870825281500702,0.0,3M,pooled_trailing
56,0.098,0.902,14.258980754152635,25,129,5.16,0.19918577749407101,0.18224675283504527,0.0,3M,pooled_trailing
57,0.0985,0.9015,13.993203576239628,26,129,4.961538461538462,0.20296897363885322,0.19474579623261634,0.0,3M,pooled_trailing
58,0.099,0.901,13.761357021042992,26,129,4.961538461538462,0.20638852428912757,0.1980268056509837,0.0,3M,pooled_trailing
59,0.0995,0.9005,13.586903753206881,26,129,4.961538461538462,0.1955450015491619,0.1938226761574319,0.0,3M,pooled_trailing
60,0.1,0.9,13.41245048537085,26,129,4.961538461538462,0.207516222044651,0.20280232066794612,0.0,3M,pooled_trailing
61,0.1005,0.8995,13.237997217534742,26,129,4.961538461538462,0.21025091691350478,0.20547489469737762,0.0,3M,pooled_trailing
62,0.101,0.899,13.063543949698673,26,129,4.961538461538462,0.21305865114414874,0.2082188489395231,,3M,pooled_trailing
63,0.101,0.899,13.063543949698673,26,129,4.961538461538462,0.21305865114414874,0.2082188489395231,,3M,pooled_trailing
64,0.101,0.899,13.063543949698673,26,129,4.961538461538462,0.21305865114414874,0.2082188489395231,,3M,pooled_trailing
0,0.1,0.9,56.60059744595612,26,127,4.884615384615385,,,0.0,3M,diversity_optimal
1,0.1005,0.8995,56.51316772853805,26,127,4.884615384615385,,,1.0,3M,diversity_optimal
2,0.096,0.904,57.005328340632836,25,127,5.08,,,1.0,3M,diversity_optimal
3,0.0915,0.9085,58.703577444853735,24,127,5.291666666666667,,,1.0,3M,diversity_optimal
4,0.087,0.913,60.14834500147498,23,127,5.521739130434782,,,0.0,3M,diversity_optimal
5,0.0875,0.9125,59.999936367127596,23,127,5.521739130434782,,,0.0,3M,diversity_optimal
6,0.088,0.912,59.851527732780276,23,127,5.521739130434782,1.4691933867631677,1.4657290985574047,0.0,3M,diversity_optimal
7,0.0885,0.9115,59.70311909843289,23,127,5.521739130434782,1.4728454737464665,1.4693725740931047,0.0,3M,diversity_optimal
8,0.089,0.911,59.55471046408554,23,127,5.521739130434782,1.476515762522284,1.4710490038110469,0.0,3M,diversity_optimal
9,0.0895,0.9105,59.406301829738155,23,127,5.521739130434782,1.469243558004666,1.077946060147914,0.0,3M,diversity_optimal
10,0.09,0.91,59.25789319539084,23,127,5.521739130434782,0.6883682416437534,0.4229478925763279,0.0,3M,diversity_optimal
11,0.0905,0.9095,59.10948456104345,23,127,5.521739130434782,0.15792305444556287,0.0945644394107432,0.0,3M,diversity_optimal
12,0.091,0.909,58.94429287323534,24,127,5.291666666666667,0.031293278861282935,0.031197756696737675,0.0,3M,diversity_optimal
13,0.0915,0.9085,58.703577444853735,24,127,5.291666666666667,0.03142159770238994,0.03132568384691613,0.0,3M,diversity_optimal
14,0.092,0.908,58.46286201647223,24,127,5.291666666666667,0.03155097322542251,0.03145466445351779,0.0,3M,diversity_optimal
15,0.0925,0.9075,58.222146588090624,24,127,5.291666666666667,0.034653299148107775,0.0331673588424115,0.0,3M,diversity_optimal
16,0.093,0.907,57.98143115970907,24,127,5.291666666666667,0.03553471273710054,0.035165939176938214,0.0,3M,diversity_optimal
17,0.0935,0.9065,57.74071573132746,24,127,5.291666666666667,0.03568285349861673,0.035312542557346706,0.0,3M,diversity_optimal
18,0.094,0.906,57.500000302945956,24,127,5.291666666666667,0.035832234599843506,0.03546037340541883,0.0,3M,diversity_optimal
19,0.0945,0.9055,57.25928487456435,25,127,5.08,0.03603117676515516,0.03600702422446564,0.0,3M,diversity_optimal
20,0.095,0.905,57.075467506226055,25,127,5.08,0.03614721884734013,0.03612298852092826,0.0,3M,diversity_optimal
21,0.0955,0.9045,57.04039792342944,25,127,5.08,0.03616944288381926,0.03614519766011583,0.0,3M,diversity_optimal
22,0.096,0.904,57.005328340632836,25,127,5.08,0.03866928092916479,0.037430487596921705,0.0,3M,diversity_optimal
23,0.0965,0.9035,56.97025875783621,25,127,5.08,0.03869308485034752,0.03745352894538175,0.0,3M,diversity_optimal
24,0.097,0.903,56.9351891750396,25,127,5.08,0.03871691809587593,0.03747659867876469,0.0,3M,diversity_optimal
25,0.0975,0.9025,56.90011959224299,25,127,5.08,0.03874078071997098,0.03689994811317449,0.0,3M,diversity_optimal
26,0.098,0.902,56.865050009446385,25,127,5.08,0.03876467277698734,0.03849660936976862,0.0,3M,diversity_optimal
27,0.0985,0.9015,56.82998042664976,26,127,4.884615384615385,0.14375382216484828,0.0912712082431311,0.0,3M,diversity_optimal
28,0.099,0.901,56.77545688079222,26,127,4.884615384615385,0.14389187421313843,0.09314537858065884,0.0,3M,diversity_optimal
29,0.0995,0.9005,56.68802716337415,26,127,4.884615384615385,0.14411379807485536,0.09656390623884878,0.0,3M,diversity_optimal
30,0.1,0.9,56.60059744595612,26,127,4.884615384615385,0.6567769565624516,0.4005566820504962,0.0,3M,diversity_optimal
31,0.1005,0.8995,56.51316772853805,26,127,4.884615384615385,0.6577930352221152,0.5133884830840771,0.0,3M,diversity_optimal
32,0.101,0.899,56.425738011119996,26,127,4.884615384615385,0.6588122626388252,0.5141839606725648,0.0,3M,diversity_optimal
33,0.1015,0.8985,56.33830829370193,26,127,4.884615384615385,0.6598346534719648,0.5149819072162939,0.0,3M,diversity_optimal
34,0.10200000000000001,0.898,56.250878576283895,26,127,4.884615384615385,0.660860222472055,0.5157823342276207,0.0,3M,diversity_optimal
35,0.10250000000000001,0.8975,56.16344885886583,27,127,4.703703703703703,0.6618889844814674,0.5165852532905876,0.0,3M,diversity_optimal
36,0.10300000000000001,0.897,55.93910474653345,27,127,4.703703703703703,0.3727705488526081,0.21020093430814069,0.0,3M,diversity_optimal
37,0.10350000000000001,0.8965,55.55812128408715,27,127,4.703703703703703,0.04795794609129266,0.045572538287209335,0.0,3M,diversity_optimal
38,0.10400000000000001,0.896,55.17713782164102,27,127,4.703703703703703,0.0434853261336101,0.04246837111781859,0.0,3M,diversity_optimal
39,0.10450000000000001,0.8955,54.796154359194716,27,127,4.703703703703703,0.04378766833827267,0.042763642697770374,0.0,3M,diversity_optimal
40,0.10500000000000001,0.895,54.4151708967485,27,127,4.703703703703703,0.04409424419241482,0.04306304891837609,0.0,3M,diversity_optimal
41,0.10550000000000001,0.8945,54.0341874343022,27,127,4.703703703703703,0.04440514324769911,0.043217478335337095,0.0,3M,diversity_optimal
42,0.10600000000000001,0.894,53.653203971856065,27,127,4.703703703703703,0.04232826090902363,0.03897360990220316,0.0,3M,diversity_optimal
43,0.10650000000000001,0.8935,53.27222050940976,28,127,4.535714285714286,0.04263097716988611,0.0392523349244115,0.0,3M,diversity_optimal
44,0.10700000000000001,0.893,53.09249371569501,28,127,4.535714285714286,0.039642313847186306,0.03781872242798178,0.0,3M,diversity_optimal
45,0.10750000000000001,0.8925,53.070087275706946,28,127,4.535714285714286,0.03965905101819547,0.038049354764820735,0.0,3M,diversity_optimal
46,0.10800000000000001,0.892,53.04768083571889,28,127,4.535714285714286,0.03967580232819853,0.038065426166448306,0.0,3M,diversity_optimal
47,0.10850000000000001,0.8915,53.02527439573083,28,127,4.535714285714286,0.042143010290497676,0.04091778904280847,0.0,3M,diversity_optimal
48,0.10900000000000001,0.891,53.00286795574278,28,127,4.535714285714286,0.04846722506698727,0.04531402544984439,0.0,3M,diversity_optimal
49,0.10950000000000001,0.8905,52.98046151575472,28,127,4.535714285714286,0.048487722773854706,0.046494815356395706,0.0,3M,diversity_optimal
50,0.11000000000000001,0.89,52.958055075766666,28,127,4.535714285714286,0.048508237825794116,0.0465144872134635,0.0,3M,diversity_optimal
51,0.11050000000000001,0.8895,52.935648635778605,29,127,4.379310344827586,0.048528770244830835,0.046534175723818676,0.0,3M,diversity_optimal
52,0.11100000000000002,0.889,52.24829882613828,29,127,4.379310344827586,0.04916718798740385,0.047146353680692844,0.0,3M,diversity_optimal
53,0.11150000000000002,0.8885,51.21245459987278,29,127,4.379310344827586,0.05545889549679861,0.05281027965225785,0.0,3M,diversity_optimal
54,0.11200000000000002,0.888,50.176610373607744,29,127,4.379310344827586,0.05660378703625603,0.05179622288176147,0.0,3M,diversity_optimal
55,0.11250000000000002,0.8875,49.14076614734224,29,127,4.379310344827586,0.05779694519358848,0.05282160446618781,0.0,3M,diversity_optimal
56,0.11300000000000002,0.887,48.104921921076965,29,127,4.379310344827586,0.05904148794688039,0.054020520923933446,0.0,3M,diversity_optimal
57,0.11350000000000002,0.8865,47.06907769481146,29,127,4.379310344827586,0.060340807742276376,0.05789613278528882,0.0,3M,diversity_optimal
58,0.11400000000000002,0.886,46.03323346854643,29,127,4.379310344827586,0.06169860237451122,0.059198917107613096,0.0,3M,diversity_optimal
59,0.11450000000000002,0.8855,44.997389242280924,30,127,4.233333333333333,0.059044561478084484,0.05852450754332972,0.0,3M,diversity_optimal
60,0.11500000000000002,0.885,44.35453375731168,30,127,4.233333333333333,0.06275121881145437,0.06132577335070588,0.0,3M,diversity_optimal
61,0.11550000000000002,0.8845,43.84198506550887,30,127,4.233333333333333,0.0634848319236979,0.062042721838730164,0.0,3M,diversity_optimal
62,0.11600000000000002,0.884,43.3294363737063,30,127,4.233333333333333,0.06423580101711411,0.06277663205256366,,3M,diversity_optimal
63,0.11600000000000002,0.884,43.3294363737063,30,127,4.233333333333333,0.06423580101711411,0.06277663205256366,,3M,diversity_optimal
64,0.11600000000000002,0.884,43.3294363737063,30,127,4.233333333333333,0.06423580101711411,0.06277663205256366,,3M,diversity_optimal
0,0.1,0.9,20.048508887798636,26,129,4.961538461538462,,,1.0,6M,pooled_trailing
1,0.0955,0.9045,20.979525569463885,25,129,5.16,,,1.0,6M,pooled_trailing
2,0.091,0.909,26.006733763640746,24,129,5.375,,,1.0,6M,pooled_trailing
3,0.0865,0.9135,28.32389940900427,22,129,5.863636363636363,,,0.0,6M,pooled_trailing
4,0.087,0.913,28.277904592763285,23,129,5.608695652173913,,,0.0,6M,pooled_trailing
5,0.0875,0.9125,28.00225746777319,23,129,5.608695652173913,,,0.0,6M,pooled_trailing
6,0.088,0.912,27.726610342783225,23,129,5.608695652173913,1.69455009617315,1.2848580844633086,0.0,6M,pooled_trailing
7,0.0885,0.9115,27.45096321779313,23,129,5.608695652173913,1.7115658146547168,1.2872695299449153,0.0,6M,pooled_trailing
8,0.089,0.911,27.1753160928031,23,129,5.608695652173913,1.7289267238868171,1.124633566829821,0.0,6M,pooled_trailing
9,0.0895,0.9105,26.89966896781301,23,129,5.608695652173913,0.5256724582133344,0.28960311616981965,0.0,6M,pooled_trailing
10,0.09,0.91,26.62402184282304,23,129,5.608695652173913,0.05408802663612075,0.05371963391270802,0.0,6M,pooled_trailing
11,0.0905,0.9095,26.34837471783295,23,129,5.608695652173913,0.05390938249425134,0.05286918380106954,0.0,6M,pooled_trailing
12,0.091,0.909,26.006733763640746,24,129,5.375,0.052509843538169655,0.05236452219233593,0.0,6M,pooled_trailing
13,0.0915,0.9085,25.36812057803859,24,129,5.375,0.05538124171732466,0.05460648001083441,0.0,6M,pooled_trailing
14,0.092,0.908,24.729507392436716,24,129,5.375,0.056811403290478554,0.0560166341882237,0.0,6M,pooled_trailing
15,0.0925,0.9075,24.09089420683456,24,129,5.375,0.058317387706099316,0.057177436339486604,0.0,6M,pooled_trailing
16,0.093,0.907,23.452281021232544,24,129,5.375,0.06747376518908436,0.06368957709736366,0.0,6M,pooled_trailing
17,0.0935,0.9065,22.813667835630383,24,129,5.375,0.06936252925992245,0.06547241201951846,0.0,6M,pooled_trailing
18,0.094,0.906,22.175054650028514,24,129,5.375,0.0713600813052801,0.06735793366844793,0.0,6M,pooled_trailing
19,0.0945,0.9055,21.536441464426357,25,129,5.16,0.07347609888982248,0.07303566895083033,0.0,6M,pooled_trailing
20,0.095,0.905,21.05393271639991,25,129,5.16,0.1557668283999248,0.11546341704528466,0.0,6M,pooled_trailing
21,0.0955,0.9045,20.979525569463885,25,129,5.16,0.15631927965770642,0.12426672348294089,0.0,6M,pooled_trailing
22,0.096,0.904,20.905118422527895,25,129,5.16,0.15687566357169969,0.13908580085236236,0.0,6M,pooled_trailing
23,0.0965,0.9035,20.83071127559187,25,129,5.16,0.15743602228416206,0.13958261430648877,0.0,6M,pooled_trailing
24,0.097,0.903,20.756304128655863,25,129,5.16,0.15800039854163583,0.14823155255706308,0.0,6M,pooled_trailing
25,0.0975,0.9025,20.68189698171984,25,129,5.16,0.36544122883917757,0.2620050322724988,0.0,6M,pooled_trailing
26,0.098,0.902,20.60748983478385,25,129,5.16,0.6805265882863946,0.523643655077978,1.0,6M,pooled_trailing
27,0.0935,0.9065,22.813667835630383,24,129,5.375,1.916100491277311,1.2654086426192017,1.0,6M,pooled_trailing
28,0.089,0.911,27.1753160928031,23,129,5.608695652173913,1.6085656556269257,1.2680573553704562,0.0,6M,pooled_trailing
29,0.0895,0.9105,26.89966896781301,23,129,5.608695652173913,1.625048999673349,1.2886750710958275,1.0,6M,pooled_trailing
30,0.08499999999999999,0.915,28.39626891237038,22,129,5.863636363636363,3.390234731515129,2.46481848886261,1.0,6M,pooled_trailing
31,0.08049999999999999,0.9195,28.615403987330566,21,129,6.142857142857143,3.36427251402024,3.330889597853286,1.0,6M,pooled_trailing
32,0.07599999999999998,0.924,30.207970143629133,20,129,6.45,3.1869078476451276,3.155284880995909,0.0,6M,pooled_trailing
33,0.07649999999999998,0.9235,29.958656458319066,20,129,6.45,3.2134290550078615,3.1815429244091273,0.0,6M,pooled_trailing
34,0.07699999999999999,0.923,29.709342773009055,20,129,6.45,3.2403953816044266,3.2082416702385723,0.0,6M,pooled_trailing
35,0.07749999999999999,0.9225,29.460029087698985,20,129,6.45,3.267818128270582,3.235392307184362,0.0,6M,pooled_trailing
36,0.07799999999999999,0.922,29.210715402389027,20,129,6.45,3.230303830205369,2.1767591145006584,0.0,6M,pooled_trailing
37,0.07849999999999999,0.9215,28.96140171707896,20,129,6.45,1.132883568951894,0.7833188431745076,0.0,6M,pooled_trailing
38,0.07899999999999999,0.921,28.71208803176895,21,129,6.142857142857143,0.43752050448143953,0.42820313539904525,0.0,6M,pooled_trailing
39,0.07949999999999999,0.9205,28.66445966925375,21,129,6.142857142857143,0.43824748086389087,0.42891463020474735,0.0,6M,pooled_trailing
40,0.07999999999999999,0.92,28.639931828292163,21,129,6.142857142857143,0.43862280523885416,0.42928196172979544,0.0,6M,pooled_trailing
41,0.08049999999999999,0.9195,28.615403987330566,21,129,6.142857142857143,0.4203010729138633,0.397104423967605,0.0,6M,pooled_trailing
42,0.08099999999999999,0.919,28.590876146368977,21,129,6.142857142857143,0.3742285469484843,0.3394622987777256,0.0,6M,pooled_trailing
43,0.08149999999999999,0.9185,28.56634830540738,21,129,6.142857142857143,0.3049576708949721,0.2030930021098271,0.0,6M,pooled_trailing
44,0.08199999999999999,0.918,28.541820464445795,21,129,6.142857142857143,0.10131532540928605,0.09492250441352157,0.0,6M,pooled_trailing
45,0.08249999999999999,0.9175,28.5172926234842,21,129,6.142857142857143,0.10140246713839131,0.09500414765093093,0.0,6M,pooled_trailing
46,0.08299999999999999,0.917,28.49276478252261,22,129,5.863636363636363,0.12219154416918228,0.11184065153382101,0.0,6M,pooled_trailing
47,0.08349999999999999,0.9165,28.468638415736486,22,129,5.863636363636363,0.19786381262601768,0.16007945533841703,0.0,6M,pooled_trailing
48,0.08399999999999999,0.916,28.44451524794779,22,129,5.863636363636363,0.19803161657379748,0.16021521520378967,1.0,6M,pooled_trailing
49,0.07949999999999999,0.9205,28.66445966925375,21,129,6.142857142857143,1.4509574515631192,0.8237347787859555,0.0,6M,pooled_trailing
50,0.07999999999999999,0.92,28.639931828292163,21,129,6.142857142857143,1.452200082091269,0.824440242603737,0.0,6M,pooled_trailing
51,0.08049999999999999,0.9195,28.615403987330566,21,129,6.142857142857143,1.4534448428737385,0.8251469158054111,0.0,6M,pooled_trailing
52,0.08099999999999999,0.919,28.590876146368977,21,129,6.142857142857143,1.4546917393931016,0.8258548015035341,0.0,6M,pooled_trailing
53,0.08149999999999999,0.9185,28.56634830540738,21,129,6.142857142857143,1.4559407771507638,0.8068369632012155,0.0,6M,pooled_trailing
54,0.08199999999999999,0.918,28.541820464445795,21,129,6.142857142857143,1.4571919616670397,0.807530330631649,0.0,6M,pooled_trailing
55,0.08249999999999999,0.9175,28.5172926234842,21,129,6.142857142857143,0.15800448311567,0.12001846639896445,0.0,6M,pooled_trailing
56,0.08299999999999999,0.917,28.49276478252261,22,129,5.863636363636363,0.08298717372741969,0.08254512029800062,0.0,6M,pooled_trailing
57,0.08349999999999999,0.9165,28.468638415736486,22,129,5.863636363636363,0.12038572026035363,0.10172161163651292,0.0,6M,pooled_trailing
58,0.08399999999999999,0.916,28.44451524794779,22,129,5.863636363636363,0.24281799839705323,0.18165290756953104,0.0,6M,pooled_trailing
59,0.08449999999999999,0.9155,28.420392080159083,22,129,5.863636363636363,0.706791624637026,0.4749078632149355,,6M,pooled_trailing
60,0.08449999999999999,0.9155,28.420392080159083,22,129,5.863636363636363,0.706791624637026,0.4749078632149355,,6M,pooled_trailing
61,0.08449999999999999,0.9155,28.420392080159083,22,129,5.863636363636363,0.706791624637026,0.4749078632149355,,6M,pooled_trailing
62,0.08449999999999999,0.9155,28.420392080159083,22,129,5.863636363636363,0.706791624637026,0.4749078632149355,,6M,pooled_trailing
63,0.08449999999999999,0.9155,28.420392080159083,22,129,5.863636363636363,0.706791624637026,0.4749078632149355,,6M,pooled_trailing
64,0.08449999999999999,0.9155,28.420392080159083,22,129,5.863636363636363,0.706791624637026,0.4749078632149355,,6M,pooled_trailing
0,0.1,0.9,68.71945703808565,26,127,4.884615384615385,,,0.0,6M,diversity_optimal
1,0.1005,0.8995,68.2416471844696,26,127,4.884615384615385,,,0.0,6M,diversity_optimal
2,0.101,0.899,67.76383733085365,26,127,4.884615384615385,,,0.0,6M,diversity_optimal
3,0.1015,0.8985,67.28602747723758,26,127,4.884615384615385,,,0.0,6M,diversity_optimal
4,0.10200000000000001,0.898,66.80821762362174,26,127,4.884615384615385,,,0.0,6M,diversity_optimal
5,0.10250000000000001,0.8975,66.33040777000569,27,127,4.703703703703703,,,0.0,6M,diversity_optimal
6,0.10300000000000001,0.897,66.03208978202031,27,127,4.703703703703703,0.7115348064557536,0.5395067696825973,0.0,6M,diversity_optimal
7,0.10350000000000001,0.8965,65.9391226572563,27,127,4.703703703703703,0.7125379945853492,0.5359001923877594,0.0,6M,diversity_optimal
8,0.10400000000000001,0.896,65.84615553249236,27,127,4.703703703703703,0.7135440154852174,0.46414665245104203,0.0,6M,diversity_optimal
9,0.10450000000000001,0.8955,65.75318840772836,27,127,4.703703703703703,0.21505291916419383,0.11847680919606345,0.0,6M,diversity_optimal
10,0.10500000000000001,0.895,65.66022128296439,27,127,4.703703703703703,0.02193170803353496,0.021782331505048873,0.0,6M,diversity_optimal
11,0.10550000000000001,0.8945,65.5672541582004,27,127,4.703703703703703,0.02166362811744905,0.021245621517953124,0.0,6M,diversity_optimal
12,0.10600000000000001,0.894,65.47428703343645,27,127,4.703703703703703,0.02085718810760351,0.020799465698967862,0.0,6M,diversity_optimal
13,0.10650000000000001,0.8935,65.38131990867245,28,127,4.535714285714286,0.021488064474823165,0.02118745493654915,0.0,6M,diversity_optimal
14,0.10700000000000001,0.893,65.12756597761877,28,127,4.535714285714286,0.021571787561190235,0.021270006769992758,0.0,6M,diversity_optimal
15,0.10750000000000001,0.8925,64.74812658531039,28,127,4.535714285714286,0.021698203357212363,0.021274060617919057,0.0,6M,diversity_optimal
16,0.10800000000000001,0.892,64.36868719300216,28,127,4.535714285714286,0.024583594473977344,0.023204852007191665,0.0,6M,diversity_optimal
17,0.10850000000000001,0.8915,63.989247800693775,28,127,4.535714285714286,0.024729368716816007,0.02334245067019891,0.0,6M,diversity_optimal
18,0.10900000000000001,0.891,63.60980840838547,28,127,4.535714285714286,0.024876882077929038,0.023481690915043277,0.0,6M,diversity_optimal
19,0.10950000000000001,0.8905,63.230369016077084,28,127,4.535714285714286,0.0250261658661634,0.02487615419063651,0.0,6M,diversity_optimal
20,0.11000000000000001,0.89,62.85092962376886,28,127,4.535714285714286,0.05217909017751091,0.03867817116196973,0.0,6M,diversity_optimal
21,0.11050000000000001,0.8895,62.47149023146047,29,127,4.379310344827586,0.05249601558131997,0.041731946734175226,0.0,6M,diversity_optimal
22,0.11100000000000002,0.889,61.960579681265855,29,127,4.379310344827586,0.05292888383951974,0.046926693595636226,0.0,6M,diversity_optimal
23,0.11150000000000002,0.8885,61.380765572419854,29,127,4.379310344827586,0.05342885990416195,0.04736997185674135,0.0,6M,diversity_optimal
24,0.11200000000000002,0.888,60.800951463574116,29,127,4.379310344827586,0.053938371779326186,0.050603471035819456,0.0,6M,diversity_optimal
25,0.11250000000000002,0.8875,60.221137354728114,29,127,4.379310344827586,0.12550440227000426,0.08998104858487135,0.0,6M,diversity_optimal
26,0.11300000000000002,0.887,59.64132324588224,29,127,4.379310344827586,0.2351380550796255,0.18093128575603032,0.0,6M,diversity_optimal
27,0.11350000000000002,0.8865,59.061509137036246,29,127,4.379310344827586,0.7401314457824626,0.4887889400534718,0.0,6M,diversity_optimal
28,0.11400000000000002,0.886,58.4816950281905,29,127,4.379310344827586,0.7474694453814519,0.5892418035999996,0.0,6M,diversity_optimal
29,0.11450000000000002,0.8855,57.9018809193445,30,127,4.233333333333333,0.7549544065516626,0.5986840542855217,1.0,6M,diversity_optimal
30,0.11000000000000001,0.89,62.85092962376886,28,127,4.535714285714286,1.5317198598086312,1.113613578174598,1.0,6M,diversity_optimal
31,0.10550000000000001,0.8945,65.5672541582004,27,127,4.703703703703703,1.468263668322628,1.453694419622847,0.0,6M,diversity_optimal
32,0.10600000000000001,0.894,65.47428703343645,27,127,4.703703703703703,1.470348460045058,1.45575852442797,0.0,6M,diversity_optimal
33,0.10650000000000001,0.8935,65.38131990867245,28,127,4.535714285714286,1.4724391805891295,1.4578284992243769,0.0,6M,diversity_optimal
34,0.10700000000000001,0.893,65.12756597761877,28,127,4.535714285714286,1.4781761864898313,1.4635085781115165,0.0,6M,diversity_optimal
35,0.10750000000000001,0.8925,64.74812658531039,28,127,4.535714285714286,1.4868386498460093,1.4720850858006629,0.0,6M,diversity_optimal
36,0.10800000000000001,0.892,64.36868719300216,28,127,4.535714285714286,1.4659221736874966,0.9878202238703991,0.0,6M,diversity_optimal
37,0.10850000000000001,0.8915,63.989247800693775,28,127,4.535714285714286,0.5127407692193281,0.35452849454324303,0.0,6M,diversity_optimal
38,0.10900000000000001,0.891,63.60980840838547,28,127,4.535714285714286,0.19748726736801536,0.19328160902676306,0.0,6M,diversity_optimal
39,0.10950000000000001,0.8905,63.230369016077084,28,127,4.535714285714286,0.19867236955680237,0.19444147346239296,0.0,6M,diversity_optimal
40,0.11000000000000001,0.89,62.85092962376886,28,127,4.535714285714286,0.19987178098355968,0.19561534240867157,0.0,6M,diversity_optimal
41,0.11050000000000001,0.8895,62.47149023146047,29,127,4.379310344827586,0.1925211797121797,0.18189582919964797,0.0,6M,diversity_optimal
42,0.11100000000000002,0.889,61.960579681265855,29,127,4.379310344827586,0.17268272974978,0.15664031212493928,0.0,6M,diversity_optimal
43,0.11150000000000002,0.8885,61.380765572419854,29,127,4.379310344827586,0.14192600831792015,0.0945186229359608,0.0,6M,diversity_optimal
44,0.11200000000000002,0.888,60.800951463574116,29,127,4.379310344827586,0.047560502895438714,0.044559517800135354,0.0,6M,diversity_optimal
45,0.11250000000000002,0.8875,60.221137354728114,29,127,4.379310344827586,0.04801841936486955,0.04498854053598483,0.0,6M,diversity_optimal
46,0.11300000000000002,0.887,59.64132324588224,29,127,4.379310344827586,0.058375212636921296,0.05343022595490873,0.0,6M,diversity_optimal
47,0.11350000000000002,0.8865,59.061509137036246,29,127,4.379310344827586,0.09537367770504275,0.0771609834967742,0.0,6M,diversity_optimal
48,0.11400000000000002,0.886,58.4816950281905,29,127,4.379310344827586,0.0963192557003323,0.07792599256264135,0.0,6M,diversity_optimal
49,0.11450000000000002,0.8855,57.9018809193445,30,127,4.233333333333333,0.7182998322639822,0.4077918017475517,0.0,6M,diversity_optimal
50,0.11500000000000002,0.885,57.68852878874068,30,127,4.233333333333333,0.7209563534622797,0.4092999568621365,0.0,6M,diversity_optimal
51,0.11550000000000002,0.8845,57.596687735132875,30,127,4.233333333333333,0.7221059576098604,0.4099526079217376,0.0,6M,diversity_optimal
52,0.11600000000000002,0.884,57.5048466815251,30,127,4.233333333333333,0.7232592338255267,0.41060734368078244,0.0,6M,diversity_optimal
53,0.11650000000000002,0.8835,57.41300562791729,30,127,4.233333333333333,0.7244161997314157,0.40144886100991223,0.0,6M,diversity_optimal
54,0.11700000000000002,0.883,57.3211645743095,30,127,4.233333333333333,0.7255768730626011,0.4020920699649048,0.0,6M,diversity_optimal
55,0.11750000000000002,0.8825,57.22932352070169,30,127,4.233333333333333,0.07873341503332666,0.059805035530133596,0.0,6M,diversity_optimal
56,0.11800000000000002,0.882,57.13748246709392,30,127,4.233333333333333,0.04138323774316569,0.041162798832630944,0.0,6M,diversity_optimal
57,0.11850000000000002,0.8815,57.04564141348611,31,127,4.096774193548387,0.06007851705388633,0.05076419002383674,0.0,6M,diversity_optimal
58,0.11900000000000002,0.881,56.864114112759545,31,127,4.096774193548387,0.12146219747985734,0.0908662515861856,0.0,6M,diversity_optimal
59,0.11950000000000002,0.8805,56.66624212213746,31,127,4.096774193548387,0.3544843338624977,0.2381853316729151,,6M,diversity_optimal
60,0.11950000000000002,0.8805,56.66624212213746,31,127,4.096774193548387,0.3544843338624977,0.2381853316729151,,6M,diversity_optimal
61,0.11950000000000002,0.8805,56.66624212213746,31,127,4.096774193548387,0.3544843338624977,0.2381853316729151,,6M,diversity_optimal
62,0.11950000000000002,0.8805,56.66624212213746,31,127,4.096774193548387,0.3544843338624977,0.2381853316729151,,6M,diversity_optimal
63,0.11950000000000002,0.8805,56.66624212213746,31,127,4.096774193548387,0.3544843338624977,0.2381853316729151,,6M,diversity_optimal
64,0.11950000000000002,0.8805,56.66624212213746,31,127,4.096774193548387,0.3544843338624977,0.2381853316729151,,6M,diversity_optimal
