date,recession_probability,1_month_recession_probability,3_month_recession_probability,6_month_recession_probability,1_year_rate,3_months_rate,6_months_rate,CPI,INDPRO_x,10_year_rate,share_price,unemplyment_rate,PPI,OECD_CLI_index,CSI_index
1967-02-01,.,.,.,0.0,4.5744444444444445,4.561111111111111,4.5905555555555555,33.0,34.765,4.63,4.733288,3.8,27.2,98.5902660588199,94.1
1967-03-01,.,.,0.8,0.26,4.185,4.259090909090909,4.221818181818182,33.0,34.5691,4.54,4.854181,3.8,27.2,98.60635753598852,94.1
1967-04-01,.,.,0.5,0.08,3.8985,3.8375,3.8945,33.1,34.8951,4.59,4.943822,3.8,27.2,98.745386504646,94.1
1967-05-01,.,0.8,0.0,0.0,3.885,3.603181818181818,3.799545454545455,33.1,34.5907,4.85,5.050294999999999,3.8,27.2,98.99399671532292,95.9
1967-06-01,0.8,0.5,0.26,0.0,4.164545454545455,3.535909090909091,3.889545454545454,33.3,34.5863,5.02,5.005237999999999,3.9,27.2,99.3047939994294,95.9
1967-07-01,0.5,0.0,0.08,1.54,4.8955,4.2055,4.7204999999999995,33.4,34.5076,5.16,5.117102,3.8,27.2,99.63794008953458,95.9
1967-08-01,0.0,0.26,0.0,0.02,5.045217391304348,4.265652173913043,4.828695652173913,33.5,35.1687,5.28,5.195627,3.8,27.2,99.9591982955933,97.0
1967-09-01,0.26,0.08,0.0,0.04,5.103,4.4245,4.961,33.6,35.1116,5.3,5.271365,3.8,27.2,100.235898297179,97.0
1967-10-01,0.08,0.0,1.54,0.02,5.222857142857143,4.557619047619047,5.07,33.7,35.3976,5.48,5.261735,4.0,27.2,100.455932228813,97.0
1967-11-01,0.0,0.0,0.02,0.0,5.387,4.727,5.2490000000000006,33.9,35.9038,5.75,5.090616000000001,3.9,27.2,100.614888171617,92.9
1967-12-01,0.0,1.54,0.04,0.0,5.5915,4.968999999999999,5.492,34.0,36.2905,5.7,5.254071,3.8,27.2,100.714201421608,92.9
1968-01-01,1.54,0.02,0.02,0.0,5.297272727272728,4.995909090909091,5.235454545454545,34.1,36.2514,5.53,5.271944,3.7,27.3,100.750372235043,97.2
1968-02-01,0.02,0.04,0.0,0.14,5.2436842105263155,4.978947368421053,5.1684210526315795,34.2,36.3813,5.56,5.018927,3.8,27.3,100.754116310741,97.2
1968-03-01,0.04,0.02,0.0,0.0,5.416190476190476,5.1657142857142855,5.331428571428571,34.3,36.4949,5.74,4.899619,3.7,27.3,100.746450889828,97.2
1968-04-01,0.02,0.0,0.0,0.0,5.4725,5.377000000000001,5.4895000000000005,34.4,36.5477,5.64,5.271408,3.5,27.3,100.739582986566,97.2
1968-05-01,0.0,0.0,0.14,0.0,5.842727272727273,5.655909090909091,5.834090909090909,34.5,36.9577,5.87,5.432116000000001,3.5,27.7,100.741587322869,92.4
1968-06-01,0.0,0.0,0.0,0.06,5.6770000000000005,5.5235,5.638,34.7,37.0934,5.72,5.608871,3.7,27.8,100.766466224131,92.4
1968-07-01,0.0,0.14,0.0,0.04,5.3940909090909095,5.3131818181818184,5.407272727272727,34.9,37.0366,5.5,5.5867949999999995,3.7,27.9,100.828044993566,92.4
1968-08-01,0.14,0.0,0.0,0.0,5.149090909090909,5.086818181818182,5.231363636363636,35.0,37.1399,5.42,5.450272,3.5,27.9,100.937993934745,92.4
1968-09-01,0.0,0.0,0.06,0.02,5.182,5.194,5.254,35.1,37.2806,5.46,5.625068,3.4,28.0,101.09627493651,92.4
1968-10-01,0.0,0.0,0.04,0.18,5.328260869565217,5.351304347826087,5.410434782608696,35.3,37.3546,5.58,5.7752989999999995,3.4,28.0,101.253891611791,92.4
1968-11-01,0.0,0.06,0.0,0.1,5.511666666666667,5.451666666666666,5.595,35.4,37.8378,5.7,5.886394,3.4,28.0,101.352918948343,91.7
1968-12-01,0.06,0.04,0.02,0.08,5.972857142857142,5.956190476190476,6.055714285714286,35.6,37.9573,6.03,5.973374,3.4,28.0,101.372923392385,91.7
1969-01-01,0.04,0.0,0.18,0.14,6.069090909090909,6.140000000000001,6.282272727272727,35.7,38.1869,6.04,5.725548000000001,3.4,28.0,101.31872133176,98.2
1969-02-01,0.0,0.02,0.1,0.28,6.214210526315789,6.121052631578947,6.299473684210526,35.8,38.4313,6.19,5.677547,3.4,28.2,101.198714845094,98.2
1969-03-01,0.02,0.18,0.08,4.14,6.1975,6.0165,6.164,36.1,38.7326,6.3,5.514977,3.4,28.2,101.02268363425,98.2
1969-04-01,0.18,0.1,0.14,6.96,6.0390476190476186,6.1138095238095245,6.13,36.3,38.5901,6.17,5.605755,3.4,28.6,100.792073041778,98.2
1969-05-01,0.1,0.08,0.28,36.56,6.1138095238095245,6.042380952380952,6.153809523809524,36.4,38.4443,6.32,5.793253,3.4,28.6,100.512227364257,91.5
1969-06-01,0.08,0.14,4.14,40.22,6.880476190476191,6.439047619047619,6.752857142857143,36.6,38.8198,6.57,5.466130000000001,3.5,28.6,100.228576027395,91.5
1969-07-01,0.14,0.28,6.96,50.0,7.187142857142858,7.00047619047619,7.244761904761904,36.8,39.0248,6.72,5.189364,3.5,28.9,99.97712316321171,91.5
1969-08-01,0.28,4.14,36.56,39.6,7.275238095238096,6.9819047619047625,7.193809523809524,36.9,39.1145,6.69,5.158938,3.5,28.9,99.76734275091673,86.4
1969-09-01,4.14,6.96,40.22,40.06,7.351904761904761,7.089999999999999,7.318095238095238,37.1,39.1057,7.16,5.185778,3.7,29.1,99.57605701679672,86.4
1969-10-01,6.96,36.56,50.0,42.32,7.206818181818182,6.998636363636364,7.286363636363637,37.3,39.1171,7.1,5.275016,3.7,29.5,99.3680973878311,86.4
1969-11-01,36.56,40.22,39.6,39.4,7.356470588235294,7.241176470588235,7.621176470588235,37.5,38.7484,7.14,5.332546,3.5,29.4,99.1237662052853,79.7
1969-12-01,40.22,50.0,40.06,37.62,7.614545454545455,7.8172727272727265,7.895909090909091,37.7,38.6444,7.65,5.038553,3.5,29.4,98.8389754002542,79.7
1970-01-01,50.0,39.6,42.32,38.38,7.513333333333334,7.868095238095238,7.776666666666666,37.9,37.9288,7.79,5.003093,3.9,29.4,98.52233904583592,78.1
1970-02-01,39.6,40.06,39.4,56.12,7.0505555555555555,7.127777777777778,7.215,38.1,37.9038,7.24,4.828743,4.2,29.4,98.2087014845852,78.1
1970-03-01,40.06,42.32,37.62,75.94,6.5042857142857144,6.626190476190477,6.579047619047619,38.3,37.8546,7.07,4.897915,4.4,29.4,97.9285557199139,78.1
1970-04-01,42.32,39.4,38.38,86.34,6.526363636363637,6.512727272727273,6.6031818181818185,38.5,37.7573,7.39,4.705036,4.6,29.7,97.7083824996513,78.1
1970-05-01,39.4,37.62,56.12,32.38,7.119523809523809,6.838095238095238,7.02,38.6,37.7133,7.91,4.124212,4.8,30.6,97.577528833252,75.4
1970-06-01,37.62,38.38,75.94,0.0,7.068181818181818,6.676363636363636,6.8568181818181815,38.8,37.5913,7.84,4.087809,4.9,30.7,97.5275333197072,75.4
1970-07-01,38.38,56.12,86.34,0.1,6.619999999999999,6.45,6.512272727272728,38.9,37.6836,7.46,4.074982,5.0,30.8,97.5288677415917,75.4
1970-08-01,56.12,75.94,32.38,1.38,6.548571428571429,6.410952380952381,6.554285714285713,39.0,37.6164,7.53,4.186646,5.1,30.8,97.5727039118688,77.6
1970-09-01,75.94,86.34,0.0,0.36,6.39047619047619,6.124761904761905,6.4609523809523814,39.2,37.3571,7.39,4.466088,5.4,30.8,97.67742761361478,77.6
1970-10-01,86.34,32.38,0.1,0.0,6.229047619047619,5.906666666666667,6.206190476190477,39.4,36.6098,7.33,4.560902,5.5,30.8,97.8756897774861,77.6
1970-11-01,32.38,0.0,1.38,0.04,5.394444444444444,5.282222222222222,5.415555555555556,39.6,36.3881,6.84,4.539128,5.9,30.8,98.20584328460708,72.4
1970-12-01,0.0,0.1,0.36,0.2,4.844090909090909,4.865454545454546,4.89,39.8,37.2237,6.39,4.852874,6.1,30.8,98.6592925643544,72.4
1971-01-01,0.1,1.38,0.0,0.4,4.3950000000000005,4.4350000000000005,4.468999999999999,39.9,37.5101,6.24,5.0791900000000005,5.9,30.8,99.15310829654942,78.1
1971-02-01,1.38,0.36,0.04,0.16,3.836111111111111,3.695,3.777222222222222,39.9,37.4386,6.11,5.290019999999999,5.9,31.3,99.5942124689797,78.1
1971-03-01,0.36,0.0,0.2,0.0,3.6030434782608696,3.3773913043478263,3.5008695652173913,40.0,37.398,5.7,5.436094000000001,6.0,31.3,99.9238446041691,78.1
1971-04-01,0.0,0.04,0.4,0.0,4.090476190476191,3.861428571428572,4.028095238095238,40.1,37.608,5.83,5.625946,5.9,31.7,100.138399483965,78.1
1971-05-01,0.04,0.2,0.16,0.0,4.643,4.143,4.3549999999999995,40.3,37.7989,6.39,5.5455190000000005,5.9,32.6,100.248532518699,80.2
1971-06-01,0.2,0.4,0.0,0.0,5.329090909090909,4.753636363636364,4.967272727272728,40.5,37.9574,6.52,5.452541,5.9,32.7,100.286990981381,80.2
1971-07-01,0.4,0.16,0.0,0.0,5.741904761904761,5.400476190476191,5.630952380952381,40.6,37.8472,6.73,5.42943,6.0,32.9,100.295454660474,80.2
1971-08-01,0.16,0.0,0.0,0.0,5.52,4.9354545454545455,5.222727272727273,40.7,37.6276,6.58,5.321332,6.1,35.0,100.318719617579,82.1
1971-09-01,0.0,0.0,0.0,0.0,5.190952380952381,4.690952380952381,4.973333333333334,40.8,38.2391,6.14,5.441507,6.0,35.0,100.403207265645,82.1
1971-10-01,0.0,0.0,0.0,0.0,4.750526315789474,4.4605263157894735,4.597894736842105,40.9,38.5253,5.93,5.324319,5.8,35.0,100.582960222643,82.1
1971-11-01,0.0,0.0,0.0,0.02,4.4865,4.217499999999999,4.38,41.0,38.6888,5.81,5.0672120000000005,6.0,35.0,100.871726676165,82.0
1971-12-01,0.0,0.0,0.0,0.06,4.3945454545454545,4.009545454545454,4.234545454545454,41.1,39.1355,5.93,5.422477,6.0,35.0,101.250450357621,82.0
1972-01-01,0.0,0.0,0.0,0.12,3.8157142857142854,3.384285714285714,3.6633333333333336,41.2,40.0728,5.95,5.6632430000000005,5.8,35.0,101.647091836067,92.8
1972-02-01,0.0,0.0,0.02,0.0,4.0575,3.197,3.633,41.4,40.4789,6.08,5.787961,5.7,35.0,102.001319596061,92.8
1972-03-01,0.0,0.0,0.06,0.0,4.429545454545455,3.7295454545454545,4.124090909090909,41.4,40.761,6.07,5.938244,5.8,35.1,102.278642984673,92.8
1972-04-01,0.0,0.02,0.12,0.0,4.6455,3.7055,4.2255,41.5,41.1654,6.19,6.006318,5.7,35.2,102.482937301095,92.8
1972-05-01,0.02,0.06,0.0,0.0,4.455454545454545,3.687727272727273,4.12,41.6,41.1693,6.13,5.924429,5.7,35.2,102.639726639738,88.6
1972-06-01,0.06,0.12,0.0,0.0,4.713181818181818,3.913636363636363,4.350909090909091,41.7,41.2778,6.11,5.929423,5.7,35.2,102.778310652277,88.6
1972-07-01,0.12,0.0,0.0,0.0,4.9045000000000005,3.983,4.497999999999999,41.8,41.2389,6.11,5.8638,5.6,35.3,102.935349344407,88.6
1972-08-01,0.0,0.0,0.0,0.0,4.903043478260869,4.018260869565218,4.546956521739131,41.9,41.805,6.21,6.047339,5.6,35.3,103.134727971658,95.2
1972-09-01,0.0,0.0,0.0,0.24,5.4375,4.6605,5.1265,42.1,42.1288,6.55,5.94715,5.5,35.3,103.355074841978,95.2
1972-10-01,0.0,0.0,0.0,0.24,5.39,4.739,5.1335,42.2,42.6703,6.48,5.941314,5.6,35.3,103.561298825015,95.2
1972-11-01,0.0,0.0,0.0,0.08,5.2,4.7795000000000005,5.088,42.4,43.1755,6.28,6.2377970000000005,5.3,35.3,103.725784277483,90.7
1972-12-01,0.0,0.0,0.24,0.08,5.2765,5.07,5.2975,42.5,43.6617,6.36,6.3635019999999995,5.2,35.3,103.812665320249,90.7
1973-01-01,0.0,0.0,0.24,0.1,5.580454545454545,5.407727272727272,5.623181818181818,42.7,43.9783,6.46,6.37602,4.9,36.3,103.797800175032,81.9
1973-02-01,0.0,0.24,0.08,0.22,5.929444444444445,5.599444444444445,5.825555555555556,43.0,44.6103,6.64,6.092156,5.0,36.3,103.670857825371,81.9
1973-03-01,0.24,0.24,0.08,0.06,6.530454545454545,6.093636363636364,6.514545454545455,43.4,44.6294,6.71,5.956482,4.9,36.4,103.42900924033,81.9
1973-04-01,0.24,0.08,0.1,0.1,6.513,6.263,6.524500000000001,43.7,44.568,6.67,5.809699,5.0,36.5,103.090305001318,81.9
1973-05-01,0.08,0.08,0.22,1.02,6.630909090909091,6.358181818181818,6.617727272727273,43.9,44.8608,6.85,5.619145,4.9,36.8,102.693357361006,77.0
1973-06-01,0.08,0.1,0.06,29.88,7.051904761904762,7.185238095238095,7.229047619047619,44.2,44.9186,6.9,5.460078,4.9,36.8,102.28615129717,77.0
1973-07-01,0.1,0.22,0.1,33.2,7.973333333333334,8.00952380952381,8.12095238095238,44.2,45.085,7.13,5.558031,4.8,36.8,101.907298953692,77.0
1973-08-01,0.22,0.06,1.02,28.78,8.320869565217391,8.673478260869565,8.647826086956522,45.0,45.0221,7.4,5.479030000000001,4.8,36.8,101.579799686249,72.0
1973-09-01,0.06,0.1,29.88,26.04,8.073157894736841,8.285263157894736,8.452105263157895,45.2,45.3801,7.09,5.615889,4.8,36.8,101.318665824436,72.0
1973-10-01,0.1,1.02,33.2,24.8,7.1657142857142855,7.217619047619047,7.319047619047619,45.6,45.7462,6.79,5.869773,4.6,36.8,101.107110459289,72.0
1973-11-01,1.02,29.88,28.78,24.02,7.403499999999999,7.8325,7.9595,45.9,45.9548,6.73,5.406132,4.8,36.8,100.8990040102,76.5
1973-12-01,29.88,33.2,26.04,34.02,7.007894736842106,7.453157894736843,7.562105263157895,46.3,45.8252,6.74,4.990267,4.9,36.8,100.67682341674102,76.5
1974-01-01,33.2,28.78,24.8,44.82,7.007727272727272,7.77,7.651363636363637,46.8,45.5207,6.99,5.0895589999999995,5.1,37.6,100.450432113212,61.8
1974-02-01,28.78,26.04,24.02,77.44,6.507777777777778,7.123333333333333,6.964444444444444,47.3,45.3825,6.96,4.952109,5.2,38.1,100.193392521158,61.8
1974-03-01,26.04,24.8,34.02,82.08,7.335714285714286,7.961428571428572,7.831904761904762,47.8,45.3798,7.21,5.164505,5.1,39.9,99.8846994720709,61.8
1974-04-01,24.8,24.02,44.82,92.62,8.083333333333334,8.334761904761905,8.317142857142857,48.1,45.247,7.51,4.873208,5.1,42.3,99.50722164293092,61.8
1974-05-01,24.02,34.02,77.44,99.98,8.205454545454545,8.225909090909092,8.396818181818182,48.6,45.6083,7.58,4.688923,5.1,45.9,99.0682676397856,72.1
1974-06-01,34.02,44.82,82.08,100.0,8.1585,7.901999999999999,8.120999999999999,49.0,45.5216,7.54,4.667977,5.4,47.8,98.580476377593,72.1
1974-07-01,44.82,77.44,92.62,99.8,8.041818181818181,7.546818181818182,7.94,49.3,45.6136,7.81,4.284795,5.5,49.8,98.0573194346385,72.1
1974-08-01,77.44,82.08,99.98,99.7,8.876818181818182,8.958181818181819,9.112272727272726,49.9,45.1303,8.04,3.94705,5.5,51.5,97.502067679821,64.4
1974-09-01,82.08,92.62,100.0,94.24,8.5205,8.062000000000001,8.525,50.6,45.1377,8.04,3.534503,5.9,52.0,96.9260604419708,64.4
1974-10-01,92.62,99.98,99.8,15.68,7.588636363636363,7.46090909090909,7.737272727272727,51.0,44.995,7.9,3.626133,6.0,52.2,96.3840334819426,64.4
1974-11-01,99.98,100.0,99.7,2.26,7.288888888888888,7.474444444444444,7.522777777777778,51.5,43.5148,7.68,3.761538,6.6,52.2,95.9248852038738,59.5
1974-12-01,100.0,99.8,94.24,0.62,6.793333333333333,7.151428571428572,7.114285714285715,51.9,41.9503,7.43,3.506448,7.2,52.2,95.6166924219803,59.5
1975-01-01,99.8,99.7,15.68,0.12,6.266363636363637,6.256363636363636,6.363636363636363,52.3,41.3689,7.5,3.818399,8.1,53.8,95.520685847295,57.6
1975-02-01,99.7,94.24,2.26,0.0,5.558333333333334,5.5,5.616666666666666,52.6,40.4252,7.39,4.206449,8.1,54.2,95.6267065854517,57.6
1975-03-01,94.24,15.68,0.62,0.04,5.6985,5.493,5.6205,52.8,39.9804,7.73,4.392218,8.6,54.3,95.9026851013682,57.6
1975-04-01,15.68,2.26,0.12,0.02,6.3981818181818175,5.61090909090909,5.997727272727272,53.0,40.0572,8.23,4.447789,8.8,54.2,96.3141874358922,57.6
1975-05-01,2.26,0.62,0.0,0.06,5.9090476190476195,5.227142857142857,5.587142857142857,53.1,39.9402,8.06,4.729234,9.0,55.3,96.79669483822212,72.8
1975-06-01,0.62,0.12,0.04,0.0,5.861428571428571,5.342380952380952,5.613333333333333,53.5,40.1927,7.86,4.874242,8.8,55.3,97.3043090333999,72.8
1975-07-01,0.12,0.0,0.02,0.0,6.640000000000001,6.133636363636364,6.499545454545455,54.0,40.6115,8.06,4.906289,8.6,55.3,97.8060146874313,72.8
1975-08-01,0.0,0.04,0.06,0.0,7.163333333333334,6.441904761904762,6.936190476190476,54.2,41.0114,8.4,4.526278,8.4,55.3,98.2762942796113,75.7
1975-09-01,0.04,0.02,0.0,0.1,7.197142857142857,6.419047619047619,6.920952380952381,54.6,41.5422,8.43,4.453368,8.4,56.1,98.7128536871808,75.7
1975-10-01,0.02,0.06,0.0,0.04,6.477727272727273,5.956818181818182,6.253636363636364,54.9,41.7224,8.14,4.641525,8.4,56.9,99.1272272690546,75.7
1975-11-01,0.06,0.0,0.0,0.1,6.069411764705883,5.475882352941177,5.799411764705883,55.3,41.7797,8.05,4.717562,8.3,57.1,99.5324405139201,75.6
1975-12-01,0.0,0.0,0.1,0.08,6.160454545454545,5.443181818181818,5.846363636363637,55.6,42.3462,8.0,4.632754,8.2,57.1,99.9363086425029,75.6
1976-01-01,0.0,0.0,0.04,0.02,5.438571428571429,4.868571428571428,5.14,55.8,42.9082,7.74,5.081689,7.9,56.9,100.322704728373,84.6
1976-02-01,0.0,0.1,0.1,0.02,5.530555555555555,4.881111111111111,5.198888888888889,55.9,43.3407,7.79,5.321243,7.7,56.9,100.648567222021,84.6
1976-03-01,0.1,0.04,0.08,0.06,5.82304347826087,5.000869565217391,5.439565217391304,56.0,43.4281,7.73,5.348521,7.6,56.9,100.880782130858,84.6
1976-04-01,0.04,0.1,0.02,0.3,5.538571428571428,4.8566666666666665,5.1761904761904765,56.1,43.6518,7.56,5.3753400000000005,7.7,56.9,101.02010785608,84.6
1976-05-01,0.1,0.08,0.02,0.0,5.9845,5.203,5.6205,56.4,43.8315,7.9,5.3349910000000005,7.4,57.5,101.079164034251,83.3
1976-06-01,0.08,0.02,0.06,0.0,6.115454545454545,5.407727272727272,5.765454545454546,56.7,43.8775,7.86,5.370225,7.6,58.7,101.086252152131,83.3
1976-07-01,0.02,0.02,0.3,0.5,5.818095238095238,5.2299999999999995,5.527142857142857,57.0,44.1248,7.83,5.513566,7.8,59.2,101.065842159589,83.3
1976-08-01,0.02,0.06,0.0,0.0,5.641363636363637,5.142727272727273,5.40090909090909,57.3,44.4262,7.77,5.464653,7.8,59.2,101.034888199224,89.7
1976-09-01,0.06,0.3,0.0,0.0,5.501904761904761,5.083333333333333,5.3047619047619055,57.6,44.5711,7.59,5.574532,7.6,59.2,101.022408058218,89.7
1976-10-01,0.3,0.0,0.5,0.0,5.188000000000001,4.9185,5.0605,57.9,44.56,7.41,5.390575,7.7,59.2,101.052211902893,89.7
1976-11-01,0.0,0.0,0.0,0.0,5.001578947368421,4.752631578947368,4.878947368421053,58.1,45.2454,7.29,5.364653,7.8,59.2,101.148264523131,87.0
1976-12-01,0.0,0.5,0.0,0.0,4.637272727272727,4.346363636363637,4.512272727272727,58.4,45.731,6.87,5.579038,7.8,60.0,101.30383796982,87.0
1977-01-01,0.5,0.0,0.0,0.06,5.000952380952381,4.617619047619048,4.826666666666666,58.7,45.4156,7.21,5.573832,7.5,60.0,101.488041907012,87.1
1977-02-01,0.0,0.0,0.0,0.12,5.163157894736842,4.665263157894737,4.897368421052631,59.3,46.1358,7.39,5.439291000000001,7.6,60.4,101.67680771508002,87.1
1977-03-01,0.0,0.0,0.0,0.02,5.189130434782609,4.602608695652174,4.878260869565217,59.6,46.7158,7.46,5.413836,7.4,62.2,101.842571889603,87.1
1977-04-01,0.0,0.0,0.06,0.04,5.1,4.5355,4.798,60.0,47.1719,7.37,5.339599,7.2,62.3,101.952844999256,87.1
1977-05-01,0.0,0.0,0.12,0.02,5.4261904761904765,4.956190476190476,5.2,60.2,47.541,7.46,5.343278,7.0,62.5,102.000858464778,90.2
1977-06-01,0.0,0.06,0.02,0.8,5.409545454545455,5.016363636363637,5.211818181818182,60.5,47.9063,7.28,5.377555999999999,7.2,62.4,101.98811587899598,90.2
1977-07-01,0.06,0.12,0.04,13.88,5.567368421052632,5.185789473684211,5.399473684210527,60.8,47.9714,7.33,5.440961,6.9,62.4,101.9280778401,90.2
1977-08-01,0.12,0.02,0.02,0.06,5.966086956521739,5.490869565217391,5.826956521739131,61.1,48.0157,7.4,5.298797,7.0,64.1,101.844054376372,89.0
1977-09-01,0.02,0.04,0.8,0.0,6.125238095238095,5.808571428571429,6.037619047619048,61.3,48.2097,7.34,5.2148699999999995,6.8,66.1,101.765438285494,89.0
1977-10-01,0.04,0.02,13.88,0.0,6.517999999999999,6.16,6.425,61.6,48.2839,7.52,5.087028,6.8,66.1,101.709797085571,89.0
1977-11-01,0.02,0.8,0.06,0.14,6.521052631578947,6.104736842105263,6.410526315789474,62.0,48.3755,7.58,5.1367769999999995,6.8,66.0,101.678206625914,84.4
1977-12-01,0.8,13.88,0.0,0.08,6.5219047619047625,6.0652380952380955,6.396190476190476,62.3,48.4573,7.69,5.132763,6.4,66.1,101.67297385296,84.4
1978-01-01,13.88,0.06,0.0,0.32,6.8028571428571425,6.440476190476191,6.7023809523809526,62.7,47.7512,7.96,4.9409220000000005,6.4,66.1,101.696879621872,83.7
1978-02-01,0.06,0.0,0.14,0.02,6.855,6.445555555555555,6.737222222222222,63.0,48.0098,8.03,4.892696,6.3,67.7,101.74342392292,84.3
1978-03-01,0.0,0.0,0.08,0.04,6.824545454545454,6.293636363636364,6.634090909090909,63.4,48.9358,8.04,4.901751,6.3,68.5,101.842489880642,78.8
1978-04-01,0.0,0.14,0.32,0.0,6.961499999999999,6.286,6.733,63.9,49.9074,8.15,5.125091,6.1,69.2,101.981333321402,81.6
1978-05-01,0.14,0.08,0.02,0.0,7.284285714285714,6.408095238095238,7.019523809523809,64.5,50.1513,8.35,5.395874,6.0,69.8,102.123670931159,82.9
1978-06-01,0.08,0.32,0.04,0.1,7.527727272727273,6.734090909090909,7.2322727272727265,65.0,50.4751,8.46,5.429991,5.9,69.8,102.230764766745,80.0
1978-07-01,0.32,0.02,0.0,1.4,7.794,7.0075,7.44,65.5,50.4371,8.64,5.407871,6.2,69.8,102.279256013421,82.4
1978-08-01,0.02,0.04,0.0,0.7,7.725217391304348,7.077826086956521,7.37304347826087,65.9,50.6393,8.41,5.796533,5.9,71.4,102.258997523209,78.4
1978-09-01,0.04,0.0,0.1,1.12,8.012,7.845000000000001,7.988,66.5,50.7631,8.42,5.800773,6.0,71.4,102.170626085849,80.4
1978-10-01,0.0,0.0,1.4,31.26,8.448095238095238,7.990952380952381,8.545238095238094,67.1,51.1523,8.64,5.585466,5.8,71.4,102.019947803708,79.3
1978-11-01,0.0,0.1,0.7,1.18,9.203,8.6435,9.2355,67.5,51.5456,8.81,5.222412,5.9,70.5,101.82715999591,75.0
1978-12-01,0.1,1.4,1.12,1.52,9.441,9.0765,9.364,67.9,51.806,9.01,5.316517,6.0,70.6,101.627673451791,66.1
1979-01-01,1.4,0.7,31.26,2.66,9.542727272727271,9.349545454545456,9.472727272727273,68.5,51.525,9.1,5.522627,5.9,72.3,101.45074630391198,72.1
1979-02-01,0.7,1.12,1.18,3.22,9.394444444444444,9.32388888888889,9.408888888888889,69.2,51.778,9.1,5.454675,5.9,72.3,101.278505266164,73.9
1979-03-01,1.12,31.26,1.52,2.48,9.383181818181818,9.478181818181818,9.467272727272729,69.9,51.9382,9.12,5.564126,5.8,72.5,101.079944959884,68.4
1979-04-01,31.26,1.18,2.66,2.1,9.282,9.4605,9.4875,70.6,51.3251,9.18,5.693924,5.8,72.3,100.841219073552,66.0
1979-05-01,1.18,1.52,3.22,2.82,9.270476190476192,9.611428571428572,9.537142857142856,71.4,51.7782,9.25,5.566561,5.6,72.1,100.580501664802,68.1
1979-06-01,1.52,2.66,2.48,4.44,8.805714285714286,9.055238095238096,9.061428571428571,72.2,51.7865,8.91,5.705211,5.7,72.1,100.309160253012,65.8
1979-07-01,2.66,3.22,2.1,7.18,8.869523809523809,9.23952380952381,9.235714285714286,73.0,51.7029,8.95,5.781885,5.7,74.2,100.040203903675,60.4
1979-08-01,3.22,2.48,2.82,42.52,9.16,9.520434782608696,9.493913043478262,73.7,51.3658,9.03,6.060129,6.0,74.0,99.78523200887209,64.5
1979-09-01,2.48,2.1,4.44,87.08,9.89421052631579,10.263684210526316,10.202631578947368,74.4,51.3623,9.33,6.128747,5.9,74.0,99.5349946083589,66.7
1979-10-01,2.1,2.82,7.18,99.9,11.234545454545454,11.701363636363636,11.657727272727271,75.2,51.7175,10.3,5.869858,6.0,74.4,99.2697013268336,62.1
1979-11-01,2.82,4.44,42.52,99.9,11.216842105263158,11.792631578947368,11.822631578947368,76.0,51.6341,10.65,5.845224,5.9,74.5,98.9870425828876,63.3
1979-12-01,4.44,7.18,87.08,89.34,10.916,12.0355,11.8445,76.9,51.6694,10.39,6.114708,6.0,74.5,98.69409392359958,61.0
1980-01-01,7.18,42.52,99.9,32.28,10.963181818181818,11.998181818181818,11.844090909090909,78.0,51.944,10.8,6.326556,6.3,76.6,98.3926872054564,67.0
1980-02-01,42.52,87.08,99.9,0.42,12.456842105263158,12.856315789473683,12.864210526315787,79.0,51.9633,12.41,6.541523000000001,6.3,76.7,98.0662587480077,66.9
1980-03-01,87.08,99.9,89.34,0.06,14.03095238095238,15.20095238095238,15.027142857142858,80.1,51.7454,12.75,5.894791000000001,6.3,77.3,97.7556751069982,56.5
1980-04-01,99.9,99.9,32.28,0.04,11.974285714285717,13.203333333333331,12.88095238095238,80.9,50.7197,11.47,5.790051,6.9,78.3,97.5843519447126,52.7
1980-05-01,99.9,89.34,0.42,0.04,8.663333333333334,8.577142857142857,8.647619047619047,81.7,49.4766,10.18,6.078551,7.5,78.3,97.6449394886434,51.7
1980-06-01,89.34,32.28,0.06,0.38,7.535714285714286,7.074285714285715,7.301904761904762,82.5,48.8383,9.78,6.479213,7.6,79.3,97.9732414139159,58.7
1980-07-01,32.28,0.42,0.04,2.38,7.99909090909091,8.056363636363637,8.061363636363636,82.6,48.4907,10.25,6.789402000000001,7.8,79.8,98.4984731737996,62.3
1980-08-01,0.42,0.06,0.04,2.04,9.385238095238096,9.13,9.412857142857144,83.2,48.6456,11.1,7.0185059999999995,7.7,79.9,99.0932778766362,67.3
1980-09-01,0.06,0.04,0.38,1.16,10.484285714285711,10.27142857142857,10.574285714285717,83.9,49.4578,11.51,7.240799000000001,7.5,79.9,99.62031806211,73.7
1980-10-01,0.04,0.04,2.38,1.0,11.298636363636364,11.620454545454546,11.634545454545457,84.7,50.0861,11.75,7.444011,7.5,80.4,99.9784829586818,75.0
1980-11-01,0.04,0.38,2.04,0.88,12.663529411764706,13.728235294117647,13.504117647058823,85.6,50.9209,12.68,7.738816,7.5,82.6,100.13728250214,76.7
1980-12-01,0.38,2.38,1.16,1.0,13.227727272727272,15.49409090909091,14.635909090909092,86.4,51.257,12.84,7.594361999999999,7.2,84.2,100.133096930243,64.5
1981-01-01,2.38,2.04,1.0,2.96,12.616190476190477,15.02190476190476,14.078095238095235,87.2,50.9328,12.57,7.550431,7.5,86.2,100.027177778895,71.4
1981-02-01,2.04,1.16,0.88,44.92,12.99,14.787777777777778,14.052777777777775,88.0,50.7237,13.19,7.280319,7.4,86.4,99.8860804039617,66.9
1981-03-01,1.16,1.0,1.0,81.36,12.278636363636364,13.358636363636364,12.81090909090909,88.6,50.9806,13.12,7.57145,7.4,89.1,99.74358364254248,66.5
1981-04-01,1.0,0.88,2.96,93.6,12.785238095238096,13.692380952380953,13.452857142857145,89.1,50.7661,13.68,7.685257000000001,7.2,91.0,99.572780663152,72.4
1981-05-01,0.88,1.0,44.92,96.26,14.2865,16.3045,15.285,89.7,51.0552,14.1,7.554264,7.5,91.3,99.34480949037332,76.3
1981-06-01,1.0,2.96,81.36,96.12,13.21818181818182,14.734090909090908,14.085454545454546,90.5,51.3214,13.47,7.605069,7.5,91.8,99.0747397088129,73.1
1981-07-01,2.96,44.92,93.6,93.88,13.90681818181818,14.946363636363635,14.735454545454546,91.5,51.6555,14.28,7.425051,7.2,95.1,98.79487668147672,74.1
1981-08-01,44.92,81.36,96.26,10.86,14.699523809523807,15.506190476190476,15.516190476190475,92.2,51.5903,14.94,7.451368,7.4,95.8,98.5077199425475,77.2
1981-09-01,81.36,93.6,96.12,60.84,14.52904761904762,14.704761904761906,14.915714285714287,93.1,51.3429,15.32,6.770683999999999,7.6,95.7,98.1895702303051,73.1
1981-10-01,93.6,96.26,93.88,73.04,13.621904761904762,13.543333333333337,13.822380952380952,93.4,50.9463,15.15,6.873013,7.9,98.9,97.85135359934272,70.3
1981-11-01,96.26,96.12,10.86,76.56,11.201666666666666,10.857222222222225,11.296666666666669,93.8,50.3546,13.39,7.080006,8.3,99.0,97.5135251286302,62.5
1981-12-01,96.12,93.88,60.84,80.36,11.565,10.84590909090909,11.517727272727273,94.1,49.8086,13.72,7.111047,8.5,99.2,97.2024192712703,64.3
1982-01-01,93.88,10.86,73.04,80.66,12.7685,12.2765,12.8275,94.4,48.7877,14.59,6.725086999999999,8.6,99.4,96.9115484878648,71.0
1982-02-01,10.86,60.84,76.56,79.24,13.107222222222225,13.481111111111112,13.610555555555557,94.7,49.7839,14.43,6.552295,8.9,99.5,96.6352925442348,66.5
1982-03-01,60.84,73.04,80.36,76.1,12.465652173913044,12.67782608695652,12.771739130434783,94.7,49.4477,13.86,6.324361,9.0,100.0,96.4104916752017,62.0
1982-04-01,73.04,76.56,80.66,72.88,12.496190476190478,12.703333333333331,12.8,95.0,48.9913,13.87,6.631616,9.3,100.0,96.2680925618074,65.5
1982-05-01,76.56,80.36,79.24,39.46,11.984,12.088,12.1645,95.9,48.6669,13.62,6.6416520000000006,9.4,100.0,96.215330284163,67.5
1982-06-01,80.36,80.66,76.1,15.14,12.567272727272728,12.465909090909092,12.69818181818182,97.0,48.5415,14.3,6.248705,9.6,100.0,96.2547711183236,65.7
1982-07-01,80.66,79.24,72.88,0.58,11.895238095238096,11.34904761904762,11.881428571428572,97.5,48.3775,13.95,6.221205,9.8,99.5,96.37325174958929,65.4
1982-08-01,79.24,76.1,39.46,1.66,10.371818181818185,8.679545454545455,9.88090909090909,97.7,47.9382,13.06,6.230021,9.8,98.5,96.5574183022648,65.4
1982-09-01,76.1,72.88,15.14,0.16,9.91952380952381,7.920476190476189,9.373809523809523,97.7,47.8139,12.34,6.952616,10.1,98.5,96.8125561190038,69.3
1982-10-01,72.88,39.46,0.58,0.0,8.629,7.710500000000001,8.2895,98.1,47.3575,10.91,7.53648,10.4,98.5,97.1343546252044,73.4
1982-11-01,39.46,15.14,1.66,0.0,8.443684210526316,8.066315789473684,8.33736842105263,98.0,47.2078,10.55,7.897333000000001,10.8,98.1,97.5355677008025,72.1
1982-12-01,15.14,0.58,0.16,0.0,8.228181818181818,7.936818181818182,8.155909090909091,97.7,46.8713,10.54,7.951669,10.8,97.9,98.0254862762056,71.9
1983-01-01,0.58,1.66,0.0,0.0,8.012857142857143,7.856190476190475,7.930952380952381,97.9,47.7398,10.46,8.244418,10.4,94.8,98.5912344931523,70.4
1983-02-01,1.66,0.16,0.0,0.1,8.281578947368422,8.113684210526316,8.225263157894737,98.0,47.4484,10.72,8.391662,10.4,92.7,99.2057477868767,74.6
1983-03-01,0.16,0.0,0.0,0.0,8.35695652173913,8.348695652173914,8.366521739130436,98.1,47.8426,10.51,8.66558,10.3,92.9,99.83834248766242,80.8
1983-04-01,0.0,0.0,0.0,0.02,8.2925,8.212,8.296000000000001,98.8,48.4483,10.4,8.972832,10.2,92.7,100.455987704109,89.1
1983-05-01,0.0,0.0,0.1,0.0,8.225238095238096,8.191904761904762,8.218571428571428,99.2,48.747,10.38,9.369154,10.1,92.6,101.024250512037,93.3
1983-06-01,0.0,0.0,0.0,0.0,8.871818181818183,8.792272727272728,8.887272727272729,99.4,49.0434,10.85,9.549047,10.1,92.6,101.510519568416,92.2
1983-07-01,0.0,0.1,0.02,0.0,9.338,9.0805,9.258,99.8,49.7739,11.38,9.58049,9.4,92.2,101.89831486891,92.8
1983-08-01,0.1,0.0,0.0,0.0,9.599565217391303,9.343478260869563,9.506521739130434,100.1,50.364,11.85,9.305114,9.5,92.2,102.187881444698,90.9
1983-09-01,0.0,0.02,0.0,0.02,9.272857142857143,8.995238095238095,9.145238095238096,100.4,51.0937,11.65,9.5762,9.2,92.3,102.399317020643,89.9
1983-10-01,0.02,0.0,0.0,0.0,8.977,8.635,8.8335,100.8,51.4902,11.54,9.584584,8.8,93.1,102.540385660292,89.3
1983-11-01,0.0,0.0,0.0,0.02,9.082105263157894,8.76421052631579,8.932105263157895,101.1,51.721,11.69,9.448442,8.5,93.2,102.616558178409,91.1
1983-12-01,0.0,0.0,0.02,0.0,9.238571428571428,8.996190476190476,9.173809523809524,101.4,51.9769,11.83,9.400146,8.3,94.8,102.62996939705098,94.2
1984-01-01,0.0,0.0,0.0,0.1,9.072380952380954,8.903333333333332,9.014761904761905,102.1,53.0088,11.67,9.531851,8.0,93.7,102.584990344732,100.1
1984-02-01,0.0,0.02,0.02,0.1,9.200526315789476,9.087894736842106,9.18421052631579,102.6,53.2486,11.84,8.972541,7.8,95.6,102.471118430267,97.4
1984-03-01,0.02,0.0,0.0,0.1,9.671818181818182,9.516818181818184,9.655454545454544,102.9,53.5028,12.32,8.978227,7.8,96.1,102.281300746119,101.0
1984-04-01,0.0,0.02,0.1,0.12,9.947,9.694,9.8405,103.3,53.8233,12.63,8.978723,7.7,96.1,102.024215476034,96.1
1984-05-01,0.02,0.0,0.1,0.04,10.573636363636364,9.834090909090907,10.306363636363637,103.5,54.1104,13.41,8.919742,7.4,96.1,101.728547091344,98.1
1984-06-01,0.0,0.1,0.1,0.2,10.927142857142858,9.868095238095238,10.505238095238097,103.7,54.3075,13.56,8.742867,7.2,96.1,101.418373184601,95.5
1984-07-01,0.1,0.1,0.12,0.2,10.889047619047618,10.115238095238094,10.524761904761906,104.1,54.4587,13.36,8.625086,7.5,96.2,101.125780282385,96.6
1984-08-01,0.1,0.1,0.04,0.06,10.711304347826088,10.466521739130432,10.610869565217392,104.4,54.5239,12.72,9.317769,7.5,96.4,100.869902479887,99.1
1984-09-01,0.1,0.12,0.2,0.04,10.512631578947367,10.368947368421052,10.466842105263158,104.7,54.3696,12.52,9.475889,7.3,96.2,100.66780352576,100.9
1984-10-01,0.12,0.04,0.2,0.12,9.92909090909091,9.736363636363636,9.865909090909092,105.1,54.3474,12.16,9.416708,7.4,96.4,100.526079316648,96.3
1984-11-01,0.04,0.2,0.06,0.04,9.00842105263158,8.608421052631579,8.810526315789474,105.3,54.529,11.57,9.498795,7.2,96.3,100.430714896969,95.7
1984-12-01,0.2,0.2,0.04,0.38,8.595,8.056999999999999,8.284,105.5,54.5556,11.5,9.382779,7.3,96.4,100.360045837591,92.9
1985-01-01,0.2,0.06,0.12,0.26,8.327142857142857,7.756190476190476,8.002857142857144,105.7,54.527,11.38,9.815166,7.3,96.3,100.30546211801,96.0
1985-02-01,0.06,0.04,0.04,0.02,8.563333333333333,8.265,8.393333333333333,106.3,54.6871,11.51,10.37154,7.2,96.3,100.254043804268,93.7
1985-03-01,0.04,0.12,0.38,0.0,9.058095238095238,8.516666666666666,8.899047619047618,106.8,54.7673,11.86,10.29142,7.2,94.3,100.211836281387,93.7
1985-04-01,0.12,0.04,0.26,0.18,8.443809523809524,7.946666666666666,8.233333333333334,107.0,54.6467,11.43,10.36456,7.3,94.4,100.177869086143,94.6
1985-05-01,0.04,0.38,0.02,0.06,7.8536363636363635,7.479545454545455,7.649090909090909,107.2,54.7396,10.85,10.59652,7.2,94.2,100.14768166116,91.8
1985-06-01,0.38,0.26,0.0,0.02,7.2705,6.954000000000001,7.093500000000001,107.5,54.711,10.16,10.84758,7.4,93.2,100.121685607176,96.5
1985-07-01,0.26,0.02,0.18,0.08,7.312727272727272,7.082727272727272,7.194999999999999,107.7,54.4365,10.31,11.05607,7.4,93.2,100.089942867117,94.0
1985-08-01,0.02,0.0,0.06,0.32,7.481363636363636,7.135,7.318181818181818,107.9,54.6121,10.33,10.80291,7.1,93.2,100.061472901643,92.4
1985-09-01,0.0,0.18,0.02,0.24,7.503157894736842,7.099473684210525,7.265263157894736,108.1,54.8147,10.37,10.55842,7.1,92.9,100.041359169596,92.1
1985-10-01,0.18,0.06,0.08,0.12,7.447727272727272,7.161363636363637,7.330454545454546,108.5,54.6228,10.24,10.65283,7.1,92.1,100.035820250031,88.4
1985-11-01,0.06,0.02,0.32,0.06,7.333157894736843,7.237368421052631,7.301052631578948,109.0,54.8123,9.78,11.28278,7.0,91.0,100.051030638947,90.9
1985-12-01,0.02,0.08,0.24,0.2,7.157619047619048,7.099523809523809,7.135714285714285,109.5,55.3553,9.26,11.81692,7.0,90.9,100.082812663026,93.9
1986-01-01,0.08,0.32,0.12,0.0,7.206190476190477,7.073809523809524,7.164761904761905,109.9,55.6453,9.19,11.8989,6.7,90.6,100.109005091175,95.6
1986-02-01,0.32,0.24,0.06,0.08,7.105263157894737,7.064210526315789,7.109473684210527,109.7,55.2634,8.7,12.52,7.2,90.3,100.117669437934,95.9
1986-03-01,0.24,0.12,0.2,0.02,6.589,6.5605,6.571,109.1,54.8728,7.78,13.2667,7.2,90.1,100.109514199535,95.1
1986-04-01,0.12,0.06,0.0,0.14,6.0622727272727275,6.056363636363637,6.078636363636363,108.7,54.935,7.3,13.59399,7.1,90.0,100.093513122712,96.2
1986-05-01,0.06,0.2,0.08,0.06,6.245238095238095,6.15,6.185714285714286,109.0,55.0399,7.71,13.60329,7.2,90.1,100.075247826645,94.8
1986-06-01,0.2,0.0,0.02,0.04,6.317619047619047,6.2090476190476185,6.267142857142856,109.4,54.826,7.8,13.94495,7.2,90.6,100.043317241824,99.3
1986-07-01,0.0,0.08,0.14,0.66,5.9,5.828636363636363,5.86090909090909,109.5,55.167,7.3,13.69767,7.0,90.5,99.994253418259,97.7
1986-08-01,0.08,0.02,0.06,0.02,5.599047619047619,5.527142857142857,5.552380952380952,109.6,55.0726,7.17,13.9549,6.9,90.5,99.9431114955602,94.9
1986-09-01,0.02,0.14,0.04,0.02,5.452857142857143,5.20952380952381,5.351428571428571,110.0,55.2237,7.45,13.57344,7.0,90.6,99.8990068473693,91.9
1986-10-01,0.14,0.06,0.66,0.0,5.405909090909091,5.179545454545455,5.261363636363637,110.2,55.4589,7.43,13.54146,7.0,89.9,99.8725901694814,95.6
1986-11-01,0.06,0.04,0.02,0.02,5.477222222222222,5.349444444444445,5.414444444444444,110.4,55.6763,7.25,13.94781,6.9,89.8,99.8865395868227,91.4
1986-12-01,0.04,0.66,0.02,0.0,5.550909090909091,5.528181818181818,5.545454545454546,110.8,56.2078,7.11,14.07404,6.6,90.2,99.96746022564888,89.1
1987-01-01,0.66,0.02,0.0,0.0,5.4625,5.427,5.438000000000001,111.4,55.9911,7.08,14.970679999999998,6.6,90.1,100.125505217731,90.4
1987-02-01,0.02,0.02,0.02,0.02,5.626315789473685,5.593684210526316,5.588421052631579,111.8,56.7373,7.25,15.86818,6.6,90.2,100.337421320714,90.2
1987-03-01,0.02,0.0,0.0,0.02,5.681363636363636,5.591818181818182,5.604090909090909,112.2,56.8136,7.25,16.48206,6.6,90.2,100.558260244285,90.8
1987-04-01,0.0,0.02,0.0,0.0,6.093333333333333,5.636190476190476,5.903809523809524,112.7,57.185,8.02,16.228839999999998,6.3,90.2,100.760045585475,92.8
1987-05-01,0.02,0.0,0.02,0.02,6.519499999999999,5.66,6.051,113.0,57.5424,8.61,16.14232,6.3,90.6,100.926616260442,91.1
1987-06-01,0.0,0.0,0.02,0.02,6.345,5.668181818181818,5.990454545454545,113.5,57.8502,8.4,16.79351,6.2,91.1,101.04239754048,91.5
1987-07-01,0.0,0.02,0.0,0.22,6.239545454545455,5.692272727272727,5.761363636363637,113.8,58.2421,8.45,17.25948,6.1,91.0,101.088513719339,93.7
1987-08-01,0.02,0.02,0.02,0.02,6.541428571428572,6.036190476190477,6.1519047619047615,114.3,58.6784,8.76,18.23986,6.0,91.2,101.044065941663,94.4
1987-09-01,0.02,0.0,0.02,0.02,7.11047619047619,6.398095238095239,6.638571428571429,114.7,58.9088,9.42,17.67034,5.9,92.6,100.914254198616,93.6
1987-10-01,0.0,0.02,0.22,0.06,7.053333333333334,6.133333333333334,6.688095238095237,115.0,59.7008,9.52,15.560629999999998,6.0,94.2,100.728994336847,89.3
1987-11-01,0.02,0.02,0.02,0.12,6.501578947368421,5.6947368421052635,6.190526315789474,115.4,59.9956,8.86,13.58801,5.8,95.7,100.541062223437,83.1
1987-12-01,0.02,0.22,0.02,0.04,6.685454545454546,5.767727272727273,6.356363636363636,115.6,60.3246,8.99,13.3575,5.7,96.6,100.409165061914,86.8
1988-01-01,0.22,0.02,0.06,0.06,6.522105263157894,5.813684210526316,6.253157894736842,116.0,60.309,8.67,13.91834,5.7,98.7,100.340781941337,90.8
1988-02-01,0.02,0.02,0.12,0.06,6.2095,5.6605,5.929,116.2,60.6122,8.21,14.37273,5.7,100.7,100.327441222641,91.6
1988-03-01,0.02,0.06,0.04,0.08,6.281739130434782,5.70304347826087,5.908260869565217,116.5,60.7452,8.37,14.84251,5.7,101.4,100.357618443972,94.6
1988-04-01,0.06,0.12,0.06,0.0,6.5575,5.907,6.2090000000000005,117.2,61.108,8.72,14.70187,5.4,105.6,100.416639119779,91.2
1988-05-01,0.12,0.04,0.06,0.02,6.903809523809524,6.257142857142857,6.561428571428571,117.5,60.9843,9.09,14.358529999999998,5.6,106.3,100.491565405718,94.8
1988-06-01,0.04,0.06,0.08,0.02,6.986818181818182,6.459545454545454,6.707272727272727,118.0,61.1615,8.92,15.12444,5.4,107.6,100.560943150084,94.7
1988-07-01,0.06,0.06,0.0,0.16,7.223999999999999,6.7284999999999995,6.9935,118.5,61.171,9.06,15.064370000000002,5.4,108.7,100.60285176303002,93.4
1988-08-01,0.06,0.08,0.02,0.62,7.592608695652173,7.062608695652174,7.392608695652174,119.0,61.4771,9.26,14.78065,5.6,110.3,100.62156125575198,97.4
1988-09-01,0.08,0.0,0.02,0.6,7.525238095238096,7.23952380952381,7.4280952380952385,119.5,61.2785,8.98,15.00061,5.4,110.2,100.626418989234,97.3
1988-10-01,0.0,0.02,0.16,0.9,7.5435,7.3485,7.4965,119.9,61.5488,8.8,15.48469,5.4,109.9,100.625895291899,94.1
1988-11-01,0.02,0.02,0.62,1.18,7.8655,7.76,7.861,120.3,61.7049,8.96,15.11941,5.3,109.2,100.620243861696,93.0
1988-12-01,0.02,0.16,0.6,0.7,8.316666666666666,8.067142857142857,8.223809523809523,120.7,61.9851,9.11,15.38439,5.3,109.1,100.601488255981,91.9
1989-01-01,0.16,0.62,0.9,0.78,8.366,8.266,8.3645,121.2,62.1677,9.09,15.88492,5.4,109.6,100.54703629796,97.9
1989-02-01,0.62,0.6,1.18,0.22,8.547368421052632,8.530526315789475,8.54842105263158,121.6,61.8916,9.17,16.3478,5.2,111.2,100.438649809531,95.4
1989-03-01,0.6,0.9,0.7,0.4,8.817272727272726,8.815454545454545,8.852727272727272,122.2,62.0508,9.36,16.30056,5.0,111.4,100.283598775004,94.3
1989-04-01,0.9,1.18,0.78,0.26,8.638,8.647,8.654,123.1,62.0289,9.18,16.7725,5.2,111.7,100.108718597601,91.5
1989-05-01,1.18,0.7,0.22,0.12,8.308181818181819,8.433181818181819,8.413636363636364,123.7,61.6871,8.86,17.359779999999997,5.2,111.1,99.94119240858792,90.7
1989-06-01,0.7,0.78,0.4,0.12,7.840909090909091,8.151363636363637,7.933636363636364,124.1,61.6857,8.28,17.90099,5.3,111.2,99.8114893515432,90.6
1989-07-01,0.78,0.22,0.26,0.28,7.3645,7.883,7.606,124.5,61.0896,8.02,18.33109,5.2,111.4,99.73177495926792,92.0
1989-08-01,0.22,0.4,0.12,0.1,7.613913043478261,7.899565217391304,7.743478260869565,124.5,61.6847,8.11,19.10661,5.2,111.3,99.7003865270628,89.6
1989-09-01,0.4,0.26,0.12,0.2,7.6455,7.7505,7.7365,124.8,61.4794,8.19,19.11225,5.3,111.4,99.70244818138978,95.8
1989-10-01,0.26,0.12,0.28,0.82,7.4452380952380945,7.63952380952381,7.617142857142857,125.4,61.4014,8.01,19.06244,5.3,111.5,99.7166310052083,93.9
1989-11-01,0.12,0.12,0.1,1.38,7.24952380952381,7.687619047619047,7.492380952380953,125.9,61.6081,7.87,18.66268,5.4,111.1,99.7403847060763,90.9
1989-12-01,0.12,0.28,0.2,2.3,7.2075,7.626,7.422,126.3,61.9588,7.84,19.07521,5.4,111.2,99.7707822000277,90.5
1990-01-01,0.28,0.1,0.82,10.22,7.383333333333334,7.642857142857143,7.552380952380952,127.5,61.6352,8.21,18.56648,5.4,110.9,99.8053197351954,93.0
1990-02-01,0.1,0.2,1.38,19.36,7.554736842105263,7.741052631578948,7.702631578947368,128.0,62.1951,8.47,18.07759,5.3,111.0,99.8363741204577,89.5
1990-03-01,0.2,0.82,2.3,37.06,7.757272727272727,7.8981818181818175,7.845454545454545,128.6,62.4916,8.59,18.445829999999997,5.2,110.8,99.8367247421473,91.3
1990-04-01,0.82,1.38,10.22,59.46,7.8025,7.773000000000001,7.836,128.9,62.3511,8.79,18.38141,5.4,111.6,99.7630938803306,93.9
1990-05-01,1.38,2.3,19.36,63.32,7.7268181818181825,7.743181818181818,7.76409090909091,129.1,62.5353,8.76,18.94923,5.4,111.4,99.5933928790691,90.6
1990-06-01,2.3,10.22,37.06,62.14,7.534285714285714,7.725238095238095,7.632380952380952,129.9,62.7479,8.48,19.47706,5.2,111.4,99.307725925875,88.3
1990-07-01,10.22,19.36,59.46,60.06,7.398571428571429,7.62,7.52,130.5,62.6435,8.47,19.47469,5.5,111.5,98.91140848333109,88.2
1990-08-01,19.36,37.06,63.32,52.74,7.25695652173913,7.44695652173913,7.377391304347826,131.6,62.8704,8.75,17.96866,5.7,111.6,98.43496447021,76.4
1990-09-01,37.06,59.46,62.14,35.1,7.241578947368422,7.35578947368421,7.315789473684211,132.5,62.8839,8.89,17.154320000000002,5.9,111.8,97.9500840039978,72.8
1990-10-01,59.46,63.32,60.06,4.28,7.0590909090909095,7.165909090909091,7.160454545454545,133.4,62.4973,8.72,16.64209,5.9,111.7,97.5246860885899,63.9
1990-11-01,63.32,62.14,52.74,0.76,6.845000000000001,7.062,7.028499999999999,133.7,61.7175,8.39,17.05451,6.2,111.6,97.2231723031886,66.0
1990-12-01,62.14,60.06,35.1,0.24,6.609999999999999,6.7395,6.698,134.2,61.2885,8.08,17.78271,6.3,111.7,97.0906327858816,65.5
1991-01-01,60.06,52.74,4.28,0.36,6.2457142857142856,6.222857142857143,6.281904761904761,134.7,61.0842,8.09,17.62213,6.4,112.4,97.1282080000897,66.8
1991-02-01,52.74,35.1,0.76,0.4,5.905263157894737,5.944210526315789,5.929473684210526,134.8,60.6387,7.85,19.58308,6.6,112.7,97.3233136910248,70.4
1991-03-01,35.1,4.28,0.24,0.2,6.004,5.904999999999999,5.9155,134.8,60.2973,8.11,20.15921,6.8,111.0,97.6327932954212,87.7
1991-04-01,4.28,0.76,0.36,0.4,5.8522727272727275,5.648181818181818,5.709090909090909,135.1,60.4524,8.04,20.56992,6.7,110.9,98.01102270785933,81.8
1991-05-01,0.76,0.24,0.4,0.42,5.756363636363637,5.460909090909091,5.612727272727273,135.6,61.0587,8.07,20.49271,6.9,110.7,98.4007668390542,78.3
1991-06-01,0.24,0.36,0.2,0.44,5.9615,5.5729999999999995,5.752000000000001,136.0,61.5514,8.28,20.53056,6.9,110.6,98.7598942406906,82.1
1991-07-01,0.36,0.4,0.4,0.24,5.914545454545455,5.575,5.703636363636364,136.2,61.7201,8.27,20.62734,6.8,109.5,99.036770490407,82.9
1991-08-01,0.4,0.2,0.42,0.04,5.444999999999999,5.333181818181818,5.38909090909091,136.6,61.7289,7.9,21.12646,6.9,109.4,99.1909903318506,82.0
1991-09-01,0.2,0.4,0.44,0.04,5.2585,5.215,5.248,137.0,62.2369,7.65,21.04894,6.9,109.8,99.2293312060457,83.0
1991-10-01,0.4,0.42,0.24,0.02,5.043636363636363,4.994090909090909,5.041363636363636,137.2,62.1718,7.53,21.10341,7.0,107.9,99.18542277330192,78.3
1991-11-01,0.42,0.44,0.04,0.02,4.636842105263158,4.558947368421053,4.6147368421052635,137.8,62.0894,7.42,21.11836,7.0,107.9,99.11469129769009,69.1
1991-12-01,0.44,0.24,0.04,0.04,4.1657142857142855,4.0738095238095235,4.1033333333333335,138.2,61.806,7.09,21.218729999999997,7.3,108.4,99.0817515565082,68.2
1992-01-01,0.24,0.04,0.02,0.04,3.951428571428571,3.804761904761905,3.868571428571428,138.3,61.4823,7.03,22.71159,7.3,108.0,99.1319612613868,67.5
1992-02-01,0.04,0.04,0.02,0.3,4.076842105263157,3.84421052631579,3.9294736842105262,138.6,61.9192,7.34,22.590629999999997,7.4,107.8,99.2572950781026,68.8
1992-03-01,0.04,0.02,0.04,0.08,4.402727272727272,4.03590909090909,4.175,139.1,62.4403,7.54,22.30278,7.4,108.2,99.4262457824202,76.0
1992-04-01,0.02,0.02,0.04,0.14,4.08952380952381,3.7490476190476194,3.8680952380952385,139.4,62.9199,7.48,22.23713,7.4,107.5,99.5795339132176,77.2
1992-05-01,0.02,0.04,0.3,0.04,3.9945,3.633,3.7515,139.7,63.1268,7.39,22.63905,7.6,107.4,99.6762590440062,79.2
1992-06-01,0.04,0.04,0.08,0.0,3.975454545454545,3.656363636363636,3.769090909090909,140.1,63.1624,7.26,22.24978,7.8,107.3,99.7046623961389,80.4
1992-07-01,0.04,0.3,0.14,0.06,3.4450000000000003,3.208181818181818,3.2795454545454548,140.5,63.7348,6.84,22.59568,7.7,107.3,99.6929464947142,76.6
1992-08-01,0.3,0.08,0.04,0.04,3.3285714285714287,3.1271428571428572,3.209047619047619,140.8,63.3802,6.59,22.78407,7.6,107.3,99.681873824616,76.1
1992-09-01,0.08,0.14,0.0,0.48,3.060952380952381,2.9095238095238094,2.958095238095238,141.1,63.5834,6.42,22.78987,7.6,107.4,99.7144385281682,75.6
1992-10-01,0.14,0.04,0.06,0.02,3.1699999999999995,2.863809523809524,3.0357142857142856,141.7,64.0178,6.59,22.47702,7.3,108.1,99.814628622302,73.3
1992-11-01,0.04,0.0,0.04,0.16,3.5163157894736843,3.128421052631579,3.3368421052631576,142.1,64.2628,6.87,23.05813,7.4,108.0,99.9600442320912,85.3
1992-12-01,0.0,0.06,0.48,0.1,3.5504545454545453,3.216818181818182,3.3622727272727273,142.3,64.3599,6.77,23.71526,7.4,108.0,100.090501219441,91.0
1993-01-01,0.06,0.04,0.02,0.04,3.347368421052632,3.001578947368421,3.143157894736842,142.8,64.6135,6.6,23.73477,7.3,107.9,100.153912756428,89.3
1993-02-01,0.04,0.48,0.16,0.06,3.2463157894736843,2.928421052631579,3.0705263157894733,143.1,64.9262,6.26,24.10519,7.1,108.2,100.136834879717,86.6
1993-03-01,0.48,0.02,0.1,0.04,3.1978260869565216,2.9517391304347824,3.0547826086956524,143.3,64.8627,5.98,24.5713,7.0,108.2,100.045661685028,85.9
1993-04-01,0.02,0.16,0.04,0.0,3.1095238095238096,2.8699999999999997,2.972857142857143,143.8,65.0423,5.97,24.23496,7.1,109.6,99.91198828890492,85.6
1993-05-01,0.16,0.1,0.06,0.02,3.2265,2.9565,3.0685,144.2,64.8006,6.04,24.36321,7.1,110.5,99.75624643617527,80.3
1993-06-01,0.1,0.04,0.04,0.0,3.389090909090909,3.070909090909091,3.1954545454545453,144.3,64.9476,5.96,24.47691,7.0,110.4,99.62531370571742,81.5
1993-07-01,0.04,0.06,0.0,0.0,3.3299999999999996,3.036190476190476,3.156666666666667,144.5,65.1142,5.81,24.54492,6.9,111.4,99.55404735306408,77.0
1993-08-01,0.06,0.04,0.02,0.04,3.3013636363636363,3.019090909090909,3.137272727272727,144.8,65.0421,5.68,24.94888,6.8,111.4,99.5680778901772,77.3
1993-09-01,0.04,0.0,0.0,0.0,3.221904761904762,2.9476190476190474,3.061428571428571,145.0,65.3749,5.36,25.23904,6.7,111.6,99.6733325054487,77.9
1993-10-01,0.0,0.02,0.0,0.0,3.2545,3.0175,3.12,145.6,65.863,5.33,25.5033,6.8,112.0,99.85988950350892,82.7
1993-11-01,0.02,0.0,0.04,0.04,3.4219999999999997,3.104,3.258,146.0,66.1696,5.72,25.34482,6.6,111.8,100.096826312502,81.2
1993-12-01,0.0,0.0,0.0,0.0,3.452727272727273,3.0568181818181817,3.2340909090909093,146.3,66.5531,5.77,25.52289,6.5,112.4,100.3590844721,88.2
1994-01-01,0.0,0.04,0.0,0.0,3.3884999999999996,2.9755,3.154,146.3,66.7591,5.75,25.956529999999997,6.6,113.1,100.60473305906,94.3
1994-02-01,0.04,0.0,0.04,0.0,3.6915789473684217,3.2536842105263157,3.4257894736842105,146.7,66.8019,5.97,25.94262,6.6,114.5,100.805160746967,93.2
1994-03-01,0.0,0.0,0.0,0.02,4.108260869565217,3.5030434782608695,3.781304347826087,147.1,67.4704,6.48,25.48287,6.5,114.0,100.954513077391,91.5
1994-04-01,0.0,0.04,0.0,0.0,4.57,3.678421052631579,4.091052631578948,147.2,67.8707,6.97,24.55667,6.4,115.2,101.048920565094,92.6
1994-05-01,0.04,0.0,0.0,0.0,5.027619047619048,4.144761904761905,4.5980952380952385,147.5,68.187,7.18,24.7144,6.1,115.3,101.091070180717,92.8
1994-06-01,0.0,0.0,0.02,0.0,4.983636363636363,4.136818181818182,4.546818181818182,147.9,68.645,7.1,24.87754,6.1,115.5,101.086925356594,91.2
1994-07-01,0.0,0.0,0.0,0.02,5.174,4.3305,4.7509999999999994,148.4,68.7317,7.3,24.68769,6.1,116.0,101.050921071783,89.0
1994-08-01,0.0,0.02,0.0,0.26,5.254782608695652,4.479130434782609,4.877826086956522,149.0,69.1882,7.24,25.36024,6.0,116.2,100.998050183078,91.7
1994-09-01,0.02,0.0,0.0,0.12,5.434285714285714,4.624761904761905,5.040476190476191,149.3,69.3935,7.46,25.51085,5.9,120.2,100.929424058201,91.5
1994-10-01,0.0,0.0,0.02,0.18,5.753500000000001,4.9465,5.385,149.4,69.9576,7.74,25.27446,5.8,120.9,100.8374395759,92.7
1994-11-01,0.0,0.0,0.26,0.08,6.133,5.289,5.724,149.8,70.4288,7.96,25.00329,5.6,122.0,100.699100935792,91.6
1994-12-01,0.0,0.02,0.12,0.06,6.67,5.595714285714286,6.208571428571428,150.1,71.1273,7.81,24.62429,5.5,122.1,100.503351449643,95.1
1995-01-01,0.02,0.26,0.18,0.1,6.592999999999999,5.7105,6.214,150.5,71.2635,7.78,25.11062,5.6,123.9,100.245225549031,97.6
1995-02-01,0.26,0.12,0.08,0.0,6.282105263157895,5.769473684210527,6.03421052631579,150.9,71.1758,7.47,25.93257,5.4,125.6,99.9270593167303,95.1
1995-03-01,0.12,0.18,0.06,0.06,6.03,5.728695652173912,5.889130434782608,151.2,71.2796,7.2,26.42236,5.4,127.4,99.5801432255639,90.3
1995-04-01,0.18,0.08,0.1,0.1,5.883157894736843,5.653684210526316,5.770526315789474,151.8,71.1538,7.06,27.17155,5.8,127.7,99.2576011508272,92.5
1995-05-01,0.08,0.06,0.0,0.06,5.6486363636363635,5.665,5.665909090909091,152.1,71.4997,6.63,27.90742,5.6,128.9,99.00261940613252,89.8
1995-06-01,0.06,0.1,0.06,0.14,5.329999999999999,5.472272727272728,5.423636363636363,152.4,71.7327,6.17,28.671529999999997,5.6,127.3,98.832557665885,92.7
1995-07-01,0.1,0.0,0.1,0.38,5.282,5.422,5.3705,152.6,71.4334,6.28,29.528609999999997,5.7,128.2,98.7343033116206,94.4
1995-08-01,0.0,0.06,0.06,0.02,5.425217391304348,5.397826086956522,5.4082608695652175,152.9,72.3723,6.49,29.71381,5.7,126.6,98.6732557430269,96.2
1995-09-01,0.06,0.1,0.14,0.1,5.307,5.279,5.3025,153.1,72.6543,6.2,30.73981,5.6,126.9,98.62068582192622,88.9
1995-10-01,0.1,0.06,0.38,0.0,5.281428571428571,5.2785714285714285,5.3238095238095235,153.5,72.5336,6.04,30.87537,5.5,127.1,98.57647257230629,90.2
1995-11-01,0.06,0.14,0.02,0.0,5.1433333333333335,5.356190476190476,5.273333333333333,153.7,72.717,5.93,31.449859999999997,5.6,126.7,98.5553591518315,88.2
1995-12-01,0.14,0.38,0.1,0.0,5.0280000000000005,5.1435,5.1265,153.9,72.9638,5.71,32.47175,5.6,126.6,98.57224312999372,91.0
1996-01-01,0.38,0.02,0.0,0.06,4.824761904761904,4.996666666666667,4.921428571428571,154.7,72.5712,5.65,32.60315,5.6,126.2,98.6391808599341,89.3
1996-02-01,0.02,0.1,0.0,0.02,4.6895,4.8265,4.7695,155.0,73.6207,5.81,34.309909999999995,5.5,126.2,98.7640082693503,88.5
1996-03-01,0.1,0.0,0.0,0.0,5.060952380952381,4.962380952380952,4.961904761904762,155.5,73.5141,6.27,34.33728,5.5,126.5,98.9340002501361,93.7
1996-04-01,0.0,0.0,0.06,0.0,5.234545454545454,4.951818181818182,5.0609090909090915,156.1,74.2491,6.51,34.41352,5.6,126.0,99.1136738088346,92.7
1996-05-01,0.0,0.0,0.02,0.0,5.325909090909091,5.015454545454546,5.119545454545454,156.4,74.8142,6.74,35.14032,5.6,126.2,99.2812890317234,89.4
1996-06-01,0.0,0.06,0.0,0.02,5.482,5.093999999999999,5.2455,156.7,75.3726,6.91,35.484359999999995,5.3,125.5,99.41689234055892,92.4
1996-07-01,0.06,0.02,0.0,0.0,5.5213636363636365,5.150454545454545,5.297272727272727,157.0,75.3738,6.87,34.21694,5.5,126.6,99.51134033252708,94.7
1996-08-01,0.02,0.0,0.0,0.0,5.3545454545454545,5.046818181818182,5.13,157.2,75.7557,6.64,35.1152,5.1,125.8,99.5859380787546,95.3
1996-09-01,0.0,0.0,0.02,0.0,5.5024999999999995,5.0915,5.2355,157.7,76.2302,6.83,35.7465,5.2,126.0,99.6568573954343,94.7
1996-10-01,0.0,0.0,0.0,0.06,5.248636363636364,4.98590909090909,5.107727272727272,158.2,76.2157,6.53,36.99174,5.2,127.9,99.72923813371229,96.5
1996-11-01,0.0,0.02,0.0,0.0,5.138421052631578,5.028421052631579,5.072631578947369,158.7,76.8973,6.2,38.49857,5.4,127.9,99.8115366214825,99.2
1996-12-01,0.02,0.0,0.0,0.0,5.182857142857143,4.910952380952381,5.043809523809524,159.1,77.3772,6.3,38.78163,5.4,127.7,99.90001750394951,96.9
1997-01-01,0.0,0.0,0.06,0.02,5.301904761904762,5.0338095238095235,5.103809523809524,159.4,77.5135,6.58,39.9673,5.3,130.4,100.003652985864,97.4
1997-02-01,0.0,0.0,0.0,0.02,5.227894736842106,5.00578947368421,5.060526315789474,159.7,78.4255,6.42,41.450959999999995,5.2,130.4,100.130670945937,99.7
1997-03-01,0.0,0.06,0.0,0.0,5.4704999999999995,5.144,5.2585,159.8,78.9197,6.69,41.26777,5.2,130.8,100.267449835309,100.0
1997-04-01,0.06,0.0,0.02,0.0,5.6440909090909095,5.162272727272728,5.370909090909091,159.9,78.9848,6.89,39.71159,5.1,131.3,100.409155533789,101.4
1997-05-01,0.0,0.0,0.02,0.0,5.537142857142857,5.048095238095239,5.296666666666667,159.9,79.4296,6.71,42.91642,4.9,132.2,100.551237772515,103.2
1997-06-01,0.0,0.02,0.0,0.04,5.37952380952381,4.930952380952381,5.1328571428571435,160.2,79.7971,6.49,45.26382,5.0,132.3,100.687695753615,104.5
1997-07-01,0.02,0.02,0.0,0.02,5.241363636363636,5.052272727272727,5.118636363636363,160.4,80.4666,6.22,47.62737,4.9,132.4,100.807340005383,107.1
1997-08-01,0.02,0.0,0.0,0.0,5.265238095238095,5.141904761904762,5.188571428571429,160.8,81.2825,6.3,47.68659,4.8,132.5,100.893459407327,104.4
1997-09-01,0.0,0.0,0.04,0.04,5.228571428571429,4.952857142857143,5.088095238095238,161.2,82.0327,6.21,48.49962,4.9,132.8,100.951023850088,106.0
1997-10-01,0.0,0.0,0.02,0.04,5.166363636363636,4.972727272727273,5.090909090909091,161.5,82.7656,6.03,49.44086,4.7,133.5,100.981297283988,105.6
1997-11-01,0.0,0.04,0.0,0.02,5.171111111111111,5.1433333333333335,5.165555555555556,161.7,83.427,5.88,48.73145,4.6,133.5,100.978701270366,107.2
1997-12-01,0.04,0.02,0.04,0.42,5.235,5.162272727272727,5.23590909090909,161.8,83.784,5.81,49.97653,4.7,133.6,100.942266466239,102.1
1998-01-01,0.02,0.0,0.04,0.48,4.982,5.037,5.029999999999999,162.0,84.1564,5.54,49.9245,4.6,132.0,100.889818978252,106.6
1998-02-01,0.0,0.04,0.02,0.0,5.04,5.08578947368421,5.067894736842105,162.0,84.3066,5.57,52.69964,4.6,135.2,100.821770434019,110.4
1998-03-01,0.04,0.04,0.42,0.02,5.11,5.031818181818182,5.043181818181818,162.0,84.342,5.65,55.5262,4.7,135.2,100.720066501849,106.5
1998-04-01,0.04,0.02,0.48,0.04,5.100476190476191,4.949523809523809,5.058571428571429,162.2,84.6339,5.64,57.24488,4.3,134.6,100.581778674863,108.7
1998-05-01,0.02,0.42,0.0,0.06,5.157500000000001,4.9985,5.144,162.6,85.1867,5.65,56.88943,4.4,133.8,100.407876753864,106.5
1998-06-01,0.42,0.48,0.02,0.04,5.130454545454546,4.975454545454546,5.115454545454546,162.8,84.6809,5.5,56.423390000000005,4.5,133.6,100.210002850671,105.6
1998-07-01,0.48,0.0,0.04,0.06,5.080454545454545,4.963636363636364,5.026818181818182,163.2,84.3445,5.46,58.07058000000001,4.5,133.4,100.019189591906,105.2
1998-08-01,0.0,0.02,0.06,0.02,4.9438095238095245,4.902380952380953,4.949523809523809,163.4,86.0816,5.34,53.39362,4.5,133.0,99.85964828702429,104.4
1998-09-01,0.02,0.04,0.04,0.04,4.496666666666666,4.606190476190476,4.632857142857143,163.5,86.0023,4.81,50.16512,4.6,132.7,99.7637285926975,100.9
1998-10-01,0.04,0.06,0.06,0.06,3.947619047619048,3.9614285714285713,4.054285714285714,163.9,86.591,4.53,50.65313,4.5,132.5,99.7658921451538,97.4
1998-11-01,0.06,0.04,0.02,0.04,4.326315789473685,4.414736842105263,4.42421052631579,164.1,86.5115,4.83,55.87901,4.4,131.2,99.8692143587502,102.7
1998-12-01,0.04,0.06,0.04,0.04,4.319090909090909,4.390909090909091,4.404545454545455,164.4,86.8615,4.65,57.03838,4.4,129.6,100.037023081433,100.5
1999-01-01,0.06,0.02,0.06,0.02,4.312105263157895,4.335263157894737,4.328947368421052,164.7,87.2205,4.72,58.96621999999999,4.3,127.1,100.243978008878,103.9
1999-02-01,0.02,0.04,0.04,0.06,4.478421052631579,4.438421052631579,4.441052631578947,164.7,87.726,5.0,58.29973,4.4,126.6,100.454677855282,108.1
1999-03-01,0.04,0.06,0.04,0.12,4.532608695652174,4.440869565217391,4.46695652173913,164.8,87.9125,5.23,59.78408,4.2,126.2,100.644463093487,105.7
1999-04-01,0.06,0.04,0.02,0.02,4.450909090909091,4.289545454545455,4.371363636363636,165.9,88.1082,5.18,62.16686,4.3,126.1,100.810791950328,104.6
1999-05-01,0.04,0.04,0.06,0.02,4.5969999999999995,4.4985,4.559,166.0,88.6483,5.54,62.94555,4.2,126.0,100.953371827016,106.8
1999-06-01,0.04,0.02,0.12,0.02,4.823181818181818,4.566818181818181,4.821818181818181,166.0,88.5903,5.9,62.34271,4.3,126.4,101.061797906956,107.3
1999-07-01,0.02,0.06,0.02,0.08,4.754761904761905,4.55095238095238,4.576190476190476,166.7,89.1098,5.79,64.2543,4.3,126.2,101.1394620574,106.0
1999-08-01,0.06,0.12,0.02,0.02,4.913181818181818,4.721363636363637,4.873636363636364,167.1,89.5007,5.94,61.5006,4.2,127.0,101.195837358576,104.5
1999-09-01,0.12,0.02,0.02,0.0,4.962857142857143,4.6761904761904765,4.87952380952381,167.8,89.1304,5.92,60.19794,4.2,127.5,101.245102045034,107.2
1999-10-01,0.02,0.02,0.08,0.02,5.121,4.861,4.9805,168.1,90.2709,6.11,59.32374,4.1,127.5,101.295522669374,103.2
1999-11-01,0.02,0.02,0.02,0.32,5.2415,5.0705,5.2005,168.4,90.7528,6.03,62.80751,4.1,128.2,101.34758767510598,107.2
1999-12-01,0.02,0.08,0.0,0.52,5.505,5.196363636363636,5.4354545454545455,168.8,91.4784,6.28,63.19875,4.0,129.2,101.383256371862,105.4
2000-01-01,0.08,0.02,0.02,0.54,5.747999999999999,5.3185,5.504,169.3,91.4092,6.66,62.86601999999999,4.0,130.2,101.376274405568,112.0
2000-02-01,0.02,0.0,0.32,0.74,5.8420000000000005,5.548,5.7204999999999995,170.0,91.7245,6.52,59.923869999999994,4.1,130.4,101.310611938517,111.3
2000-03-01,0.0,0.02,0.52,0.9,5.862608695652174,5.694782608695652,5.8500000000000005,171.0,92.083,6.26,61.624680000000005,4.0,131.5,101.214224112159,107.1
2000-04-01,0.02,0.32,0.54,3.18,5.799473684210526,5.658421052631579,5.808421052631579,170.9,92.6659,5.99,64.01819,3.8,132.3,101.095977283294,109.2
2000-05-01,0.32,0.52,0.74,4.36,5.941818181818181,5.790909090909091,6.0986363636363645,171.2,92.9347,6.44,63.338330000000006,4.0,133.3,100.949855850053,110.7
2000-06-01,0.52,0.54,0.9,8.2,5.825454545454545,5.6863636363636365,5.965909090909091,172.2,93.0018,6.1,64.33157,4.0,133.5,100.785014595482,106.4
2000-07-01,0.54,0.74,3.18,16.14,5.753,5.955,5.9990000000000006,172.7,92.8373,6.05,64.67895,4.0,133.3,100.602010999939,108.3
2000-08-01,0.74,0.9,4.36,20.76,5.867826086956522,6.094347826086956,6.073478260869565,172.7,92.591,5.83,65.96814,4.1,133.0,100.386659197681,107.3
2000-09-01,0.9,3.18,8.2,26.28,5.79,5.9975000000000005,5.979,173.6,92.9827,5.8,66.10835,3.9,133.6,100.136045447564,106.8
2000-10-01,3.18,4.36,16.14,31.34,5.722380952380952,6.106666666666667,6.038095238095238,173.9,92.64,5.74,64.02615,3.9,134.2,99.8336358294588,105.8
2000-11-01,4.36,8.2,20.76,30.76,5.843809523809524,6.171904761904763,6.061904761904762,174.2,92.6604,5.72,63.94636,3.9,132.0,99.4896774296076,107.6
2000-12-01,8.2,16.14,26.28,31.2,5.326,5.769,5.6765,174.6,92.3457,5.24,63.89025,3.9,132.0,99.1194903435927,98.4
2001-01-01,16.14,20.76,31.34,29.86,4.626190476190477,5.145714285714286,4.948571428571428,175.6,91.8908,5.16,64.42541999999999,4.2,131.0,98.78192779982533,94.7
2001-02-01,20.76,26.28,30.76,28.52,4.509473684210526,4.881578947368421,4.706315789473685,176.0,91.2851,5.1,64.176,4.2,129.7,98.5233215527701,90.6
2001-03-01,26.28,31.34,31.2,28.34,4.11090909090909,4.424545454545455,4.280454545454545,176.1,91.0585,4.89,59.7594,4.3,130.7,98.3564190675934,91.5
2001-04-01,31.34,30.76,29.86,21.14,3.804,3.8725,3.8545,176.4,90.7384,5.14,60.09291999999999,4.4,130.2,98.27303218112152,88.4
2001-05-01,30.76,31.2,28.52,16.74,3.597727272727273,3.6204545454545456,3.6181818181818177,177.3,90.2607,5.39,63.83125,4.3,129.1,98.2473158017569,92.0
2001-06-01,31.2,29.86,28.34,7.0,3.3738095238095234,3.485238095238095,3.4495238095238094,177.7,89.7811,5.28,62.47472,4.5,129.9,98.224668069065,92.6
2001-07-01,29.86,28.52,21.14,2.38,3.3899999999999997,3.513333333333333,3.447142857142857,177.4,89.2352,5.24,60.79872,4.6,128.9,98.1806708610494,92.4
2001-08-01,28.52,28.34,16.74,1.42,3.2583333333333333,3.361739130434782,3.286521739130435,177.4,89.157,4.97,59.8657,4.9,128.7,98.1183415424087,91.5
2001-09-01,28.34,21.14,7.0,0.54,,2.6364705882352943,2.632941176470588,178.1,88.6749,4.73,54.59542,5.0,128.5,98.078112536752,81.8
2001-10-01,21.14,16.74,2.38,0.34,,2.1572727272727272,2.1195454545454546,177.6,88.4051,4.57,55.06464,5.3,127.8,98.1296176238646,82.7
2001-11-01,16.74,7.0,1.42,0.18,,1.871,1.8815,177.5,87.886,4.65,56.99183000000001,5.5,126.9,98.2987679745588,83.9
2001-12-01,7.0,2.38,0.54,0.2,,1.69,1.775,177.4,87.8518,5.09,57.732380000000006,5.7,127.1,98.5644504989502,88.8
2002-01-01,2.38,1.42,0.34,0.56,1.665,1.653333333333333,1.730952380952381,177.7,88.4634,5.04,57.620830000000005,5.7,126.6,98.8721430457769,93.0
2002-02-01,1.42,0.54,0.18,0.48,1.6666666666666667,1.724736842105263,1.8194736842105264,178.0,88.4578,4.91,56.41106,5.7,126.5,99.16387233320992,90.7
2002-03-01,0.54,0.34,0.2,0.42,,1.7875,1.998,178.5,89.1265,5.28,59.49041999999999,5.7,127.5,99.3831123565765,95.7
2002-04-01,0.34,0.18,0.56,0.38,,1.7136363636363638,1.9227272727272728,179.3,89.5507,5.21,58.18821,5.9,131.8,99.4740080548084,93.0
2002-05-01,0.18,0.2,0.48,0.28,,1.7272727272727273,1.8604545454545456,179.5,89.9348,5.16,57.0232,5.8,131.7,99.4173141041995,96.9
2002-06-01,0.2,0.56,0.42,0.72,,1.6995,1.787,179.6,90.6736,4.93,53.908069999999995,5.8,134.5,99.2216752493062,92.4
2002-07-01,0.56,0.48,0.38,0.5,,1.6831818181818183,1.6940909090909089,180.0,90.6436,4.65,48.25622,5.8,135.0,98.9397300293594,88.1
2002-08-01,0.48,0.42,0.28,0.94,,1.6159090909090907,1.6009090909090908,180.5,90.5505,4.26,48.70765,5.7,136.2,98.63859395489278,87.6
2002-09-01,0.42,0.38,0.72,0.74,,1.629,1.6024999999999998,180.8,90.6373,3.87,46.76304,5.7,138.0,98.3591211545336,86.1
2002-10-01,0.38,0.28,0.5,0.5,,1.5804545454545456,1.555909090909091,181.2,90.3988,3.94,45.54277,5.7,139.0,98.1391554841972,80.6
2002-11-01,0.28,0.72,0.94,0.16,,1.2347368421052631,1.2747368421052632,181.5,90.8947,4.05,47.87475,5.9,140.0,97.9937847916256,84.2
2002-12-01,0.72,0.5,0.74,0.1,,1.1909523809523808,1.2447619047619047,181.8,90.3906,4.03,47.52485,6.0,140.5,97.8962752003111,86.7
2003-01-01,0.5,0.94,0.5,0.08,,1.169047619047619,1.2019047619047618,182.6,91.1369,4.05,47.3499,5.8,142.4,97.825272267092,82.4
2003-02-01,0.94,0.74,0.16,0.02,,1.1652631578947368,1.1752631578947368,183.6,91.2505,3.9,44.37599,5.9,144.1,97.7914212283587,79.9
2003-03-01,0.74,0.5,0.1,0.0,,1.130952380952381,1.129047619047619,183.9,91.0006,3.81,44.24553,5.9,143.3,97.82703837961522,77.6
2003-04-01,0.5,0.16,0.08,0.0,,1.1323809523809525,1.1414285714285717,183.2,90.4311,3.96,46.62976,6.0,143.6,97.95952446599968,86.0
2003-05-01,0.16,0.1,0.02,0.04,,1.068095238095238,1.082857142857143,182.9,90.4,3.57,49.36493,6.1,142.7,98.1825292466147,92.1
2003-06-01,0.1,0.08,0.0,0.22,,0.9171428571428571,0.9233333333333332,183.1,90.5196,3.33,52.292759999999994,6.3,142.5,98.4687704838994,89.7
2003-07-01,0.08,0.02,0.0,0.14,,0.9004545454545454,0.9527272727272728,183.7,90.9869,3.98,52.14394,6.2,143.9,98.8025847326426,90.9
2003-08-01,0.02,0.0,0.04,0.04,,0.949047619047619,1.029047619047619,184.5,90.7933,4.45,52.26897,6.1,143.7,99.17140602063093,89.3
2003-09-01,0.0,0.0,0.22,0.0,,0.9366666666666664,1.0090476190476192,185.1,91.3819,4.27,53.80064,6.1,143.8,99.5618617467426,87.7
2003-10-01,0.0,0.04,0.14,0.02,,0.921818181818182,0.9995454545454544,184.9,91.5049,4.29,55.20531,6.0,145.0,99.951673720911,89.6
2003-11-01,0.04,0.22,0.04,0.04,,0.9322222222222224,1.022222222222222,185.0,92.1265,4.3,56.13243000000001,5.8,144.6,100.308854529542,93.7
2003-12-01,0.22,0.14,0.0,0.84,,0.895909090909091,0.990909090909091,185.5,92.1732,4.27,58.51985,5.7,146.1,100.6047087513,92.6
2004-01-01,0.14,0.04,0.02,0.02,,0.883,0.97,186.3,92.3268,4.15,61.47464,5.7,151.4,100.831707713641,103.8
2004-02-01,0.04,0.0,0.04,0.06,,0.9257894736842104,0.9910526315789472,186.7,92.8995,4.08,62.40279,5.6,162.1,100.988798306522,94.4
2004-03-01,0.0,0.02,0.84,0.0,,0.9369565217391304,0.9891304347826086,187.1,92.5368,3.83,61.57739,5.8,172.6,101.079033993486,95.8
2004-04-01,0.02,0.04,0.02,0.0,,0.943809523809524,1.0880952380952382,187.4,92.8957,4.35,61.8445,5.6,195.1,101.105084855938,94.2
2004-05-01,0.04,0.84,0.06,0.2,,1.0235,1.306,188.2,93.5845,4.72,59.72371999999999,5.6,210.1,101.08169578662,90.2
2004-06-01,0.84,0.02,0.0,0.02,,1.2666666666666668,1.6004761904761904,188.9,92.8651,4.73,61.33126,5.6,224.0,101.016964608097,95.6
2004-07-01,0.02,0.06,0.0,0.0,,1.3333333333333333,1.6566666666666667,189.1,93.5502,4.5,60.38981,5.5,231.2,100.917844838975,96.7
2004-08-01,0.06,0.0,0.2,0.04,,1.479090909090909,1.7199999999999998,189.2,93.6301,4.28,59.498940000000005,5.4,238.6,100.802357094785,95.9
2004-09-01,0.0,0.0,0.02,0.24,,1.6528571428571428,1.8695238095238096,189.8,93.7353,4.13,61.34568,5.4,240.0,100.699162322665,94.2
2004-10-01,0.0,0.2,0.0,0.1,,1.761,2.002,190.8,94.5695,4.1,61.89985,5.5,242.0,100.628104239544,91.7
2004-11-01,0.2,0.02,0.04,0.1,,2.069,2.2685,191.7,94.8015,4.19,64.97321,5.4,239.2,100.598715929648,92.8
2004-12-01,0.02,0.0,0.24,0.1,,2.1872727272727275,2.434090909090909,191.7,95.5415,4.23,66.84936,5.4,238.6,100.584816808689,97.1
2005-01-01,0.0,0.04,0.1,0.54,,2.3335,2.6055,191.6,95.8785,4.22,66.09673000000001,5.3,237.9,100.550849622249,95.5
2005-02-01,0.04,0.24,0.1,1.72,,2.5389473684210526,2.7705263157894735,192.4,96.5709,4.17,67.847,5.4,236.5,100.49036922073,94.1
2005-03-01,0.24,0.1,0.1,9.94,,2.738636363636364,2.997727272727273,193.1,96.4345,4.5,68.08076,5.2,236.8,100.414708773462,92.6
2005-04-01,0.1,0.1,0.54,0.06,,2.780952380952381,3.0542857142857143,193.7,96.6347,4.34,66.29041,5.2,233.8,100.360055692193,87.7
2005-05-01,0.1,0.1,1.72,0.0,,2.8414285714285716,3.080952380952381,193.6,96.7251,4.14,66.47941999999999,5.1,231.0,100.352379334034,86.9
2005-06-01,0.1,0.54,9.94,0.0,,2.972727272727273,3.127727272727273,193.7,97.1483,4.0,67.7982,5.0,226.2,100.388731467183,96.0
2005-07-01,0.54,1.72,0.06,0.04,,3.2155,3.4170000000000003,194.9,96.8397,4.18,69.14153,5.0,222.5,100.442748964393,96.5
2005-08-01,1.72,9.94,0.0,0.08,,3.4408695652173913,3.664782608695652,196.1,97.1584,4.26,70.08315999999999,4.9,217.3,100.515080729392,89.1
2005-09-01,9.94,0.06,0.0,0.06,,3.4195238095238096,3.673333333333334,198.8,95.2764,4.2,71.01159,5.0,220.1,100.621087233546,76.9
2005-10-01,0.06,0.0,0.04,0.26,,3.706,3.988,199.1,96.4411,4.46,69.05574,5.0,224.0,100.772415586609,74.2
2005-11-01,0.0,0.0,0.08,0.2,,3.8835,4.1475,198.1,97.5016,4.54,71.1132,5.0,226.2,100.954583379127,81.6
2005-12-01,0.0,0.04,0.06,0.18,,3.886190476190476,4.178095238095238,198.1,97.9723,4.47,72.95638000000001,4.9,225.7,101.128451633227,91.5
2006-01-01,0.04,0.08,0.26,0.16,,4.236,4.313,199.3,98.127,4.42,74.89480999999999,4.7,227.8,101.263759509714,91.2
2006-02-01,0.08,0.06,0.2,0.06,,4.433157894736842,4.522631578947368,199.4,98.1687,4.57,75.36825,4.8,225.7,101.351053030682,86.7
2006-03-01,0.06,0.26,0.18,0.06,,4.512173913043478,4.6173913043478265,199.7,98.3913,4.72,76.55873000000001,4.7,225.9,101.384227378649,88.9
2006-04-01,0.26,0.2,0.16,0.04,,4.603684210526316,4.718947368421053,200.7,98.6826,4.99,78.15821,4.7,228.0,101.359101185415,87.4
2006-05-01,0.2,0.18,0.06,0.02,,4.715454545454545,4.819999999999999,201.3,98.7074,5.11,78.19043,4.6,230.8,101.297704836772,79.1
2006-06-01,0.18,0.16,0.06,0.02,,4.791363636363636,4.974545454545455,201.8,99.0398,5.11,74.79095,4.6,234.5,101.236105803442,84.9
2006-07-01,0.16,0.06,0.04,0.18,,4.9465,5.061999999999999,202.9,98.9751,5.09,75.96101,4.7,237.2,101.195854463323,84.7
2006-08-01,0.06,0.06,0.02,0.06,,4.960434782608695,4.9739130434782615,203.8,99.4047,4.88,77.68768,4.7,236.7,101.198998838965,82.0
2006-09-01,0.06,0.04,0.02,0.08,,4.8055,4.885,202.8,99.2246,4.72,78.53902,4.5,236.2,101.257782153068,85.4
2006-10-01,0.04,0.02,0.18,0.08,,4.917142857142857,4.922857142857143,201.9,99.1229,4.73,81.02309,4.4,241.6,101.35098251159,93.6
2006-11-01,0.02,0.02,0.06,0.22,,4.943333333333333,4.948571428571428,202.0,99.0963,4.6,82.98521,4.5,239.9,101.464512919838,92.1
2006-12-01,0.02,0.18,0.08,0.32,,4.8475,4.8815,203.1,100.1125,4.56,85.11806999999999,4.4,239.2,101.587824024066,91.7
2007-01-01,0.18,0.06,0.08,0.52,,4.975238095238096,4.9504761904761905,203.437,99.7546,4.76,85.53719,4.6,238.3,101.708411265344,96.9
2007-02-01,0.06,0.08,0.22,0.4,,5.026842105263158,4.956842105263157,204.226,100.7166,4.72,87.57293,4.5,234.7,101.826956149499,91.3
2007-03-01,0.08,0.08,0.32,0.58,,4.9390909090909085,4.890454545454546,205.288,100.8952,4.56,85.42087,4.4,237.0,101.94986525358,88.4
2007-04-01,0.08,0.22,0.52,1.3,,4.869047619047619,4.863333333333333,205.904,101.5723,4.69,89.44112,4.5,238.9,102.06687312905198,87.1
2007-05-01,0.22,0.32,0.4,2.1,,4.732727272727273,4.78,206.755,101.6269,4.75,92.02119,4.4,239.4,102.155694005352,88.3
2007-06-01,0.32,0.52,0.58,7.04,,4.610952380952381,4.756190476190476,207.234,101.6547,5.1,92.69252,4.6,237.8,102.202152180286,85.3
2007-07-01,0.52,0.4,1.3,19.24,,4.821428571428571,4.833809523809523,207.603,101.4953,5.0,93.54096,4.7,237.3,102.190018874269,90.4
2007-08-01,0.4,0.58,2.1,44.78,,4.201739130434783,4.379565217391304,207.667,101.6943,4.67,88.41669,4.6,236.2,102.116525215053,83.4
2007-09-01,0.58,1.3,7.04,62.42,,3.892105263157895,4.046842105263158,208.547,101.9428,4.52,91.48969,4.7,234.3,102.009469199437,83.4
2007-10-01,1.3,2.1,19.24,75.42,,3.899545454545455,4.012727272727273,209.19,101.6446,4.53,95.14953,4.7,234.5,101.88957041929,80.9
2007-11-01,2.1,7.04,44.78,81.6,,3.2729999999999997,3.4604999999999997,210.834,102.2167,4.15,91.09004,4.7,231.7,101.761863191519,76.1
2007-12-01,7.04,19.24,62.42,86.8,,2.9955,3.2295000000000003,211.445,102.2764,4.1,91.88258,5.0,233.9,101.637893891882,75.5
2008-01-01,19.24,44.78,75.42,95.56,,2.7533333333333334,2.7495238095238097,212.174,102.1493,3.74,85.92138,5.0,239.5,101.507226649665,78.4
2008-02-01,44.78,62.42,81.6,99.7,,2.1245000000000003,2.04,212.687,101.7756,3.74,84.64895,4.9,248.9,101.356810804004,70.8
2008-03-01,62.42,75.42,86.8,99.96,,1.2625,1.476,213.448,101.4508,3.51,82.16946,5.1,264.7,101.18740616659,69.5
2008-04-01,75.42,81.6,95.56,90.32,,1.2936363636363637,1.5495454545454548,213.942,100.7554,3.68,85.92222,5.0,282.7,100.973103011917,62.6
2008-05-01,81.6,86.8,99.7,99.84,,1.733809523809524,1.82,215.208,100.1336,3.88,88.26169,5.4,299.8,100.680222422403,59.8
2008-06-01,86.8,95.56,99.96,100.0,2.3465,1.856190476190476,2.1323809523809523,217.463,99.8728,4.1,84.26326999999999,5.6,317.4,100.270555129383,56.4
2008-07-01,95.56,99.7,90.32,100.0,2.203181818181818,1.625909090909091,1.9272727272727272,219.016,99.4194,4.01,78.95065,5.8,323.3,99.7133148407538,61.2
2008-08-01,99.7,99.96,99.84,99.88,2.107142857142857,1.7219047619047618,1.9185714285714288,218.69,97.8491,3.89,78.31818,6.1,327.4,98.9957030767783,63.0
2008-09-01,99.96,90.32,100.0,99.92,1.856190476190476,1.1342857142857143,1.61,218.877,93.5576,3.69,74.07194,6.1,330.1,98.139485769698,70.3
2008-10-01,90.32,99.84,100.0,97.9,1.3772727272727272,0.6745454545454546,1.201818181818182,216.995,94.4985,3.81,57.41563000000001,6.5,331.7,97.2215953115373,57.6
2008-11-01,99.84,100.0,99.88,89.46,1.0394444444444444,0.1911111111111111,0.7338888888888889,213.153,93.2617,3.53,51.77961,6.8,310.4,96.3514320724216,55.3
2008-12-01,100.0,100.0,99.92,65.8,0.474090909090909,0.0345454545454545,0.2554545454545454,211.398,90.6266,2.42,51.73662,7.3,294.3,95.622345748537,60.1
2009-01-01,100.0,99.88,97.9,3.24,0.4245,0.13,0.304,211.933,88.3712,2.52,51.37847,7.8,265.0,95.0949880055836,61.2
2009-02-01,99.88,99.92,89.46,0.82,0.5989473684210526,0.2957894736842105,0.4526315789473684,212.705,87.843,2.87,47.38305,8.3,257.1,94.8059399682678,56.3
2009-03-01,99.92,97.9,65.8,0.46,0.6222727272727272,0.2136363636363636,0.4163636363636364,212.495,86.4689,2.82,44.39098,8.7,250.7,94.77328240393749,57.3
2009-04-01,97.9,89.46,3.24,0.36,0.5242857142857142,0.1580952380952381,0.3452380952380952,212.709,85.7903,2.93,50.01416,9.0,234.3,94.98781857893049,65.1
2009-05-01,89.46,65.8,0.82,0.14,0.4795,0.176,0.297,213.022,84.9436,3.29,54.52264,9.4,229.2,95.3813610754076,68.7
2009-06-01,65.8,3.24,0.46,0.12,0.4868181818181818,0.1768181818181818,0.3109090909090909,214.79,84.6746,3.72,56.059940000000005,9.5,220.7,95.8836469848209,70.8
2009-07-01,3.24,0.82,0.36,0.08,0.4559090909090909,0.1836363636363636,0.2740909090909091,214.726,85.6853,3.56,56.34072,9.5,222.1,96.43251506853778,66.0
2009-08-01,0.82,0.46,0.14,0.06,0.4366666666666666,0.1714285714285714,0.2642857142857143,215.445,86.6393,3.59,61.60015,9.6,228.0,96.98691711844678,65.7
2009-09-01,0.46,0.36,0.12,0.0,0.3828571428571428,0.1233333333333333,0.2071428571428571,215.861,87.3821,3.4,63.974169999999994,9.8,237.8,97.51583341480058,73.5
2009-10-01,0.36,0.14,0.08,0.02,0.3538095238095238,0.0742857142857142,0.1604761904761905,216.509,87.5809,3.39,65.43233000000001,10.0,240.9,98.0013236307832,70.6
2009-11-01,0.14,0.12,0.06,0.0,0.2942105263157895,0.0521052631578947,0.1547368421052631,217.234,87.9388,3.4,66.3718,9.9,239.0,98.4455549557664,67.4
2009-12-01,0.12,0.08,0.0,0.54,0.3481818181818182,0.0545454545454545,0.1677272727272727,217.347,88.2404,3.59,67.1647,9.9,241.0,98.853439695651,72.5
2010-01-01,0.08,0.06,0.02,0.16,0.3231578947368421,0.061578947368421,0.1484210526315789,217.488,89.1897,3.73,67.98261,9.8,247.6,99.2054637201548,74.4
2010-02-01,0.06,0.0,0.0,0.06,0.3263157894736842,0.1089473684210526,0.1810526315789473,217.281,89.5046,3.69,65.13094,9.8,253.3,99.4667043411444,73.6
2010-03-01,0.0,0.02,0.54,0.1,0.3726086956521739,0.1504347826086956,0.2234782608695652,217.353,90.1356,3.73,68.83686,9.9,268.2,99.6410253332702,73.6
2010-04-01,0.02,0.0,0.16,0.02,0.4190909090909091,0.1622727272727273,0.2418181818181818,217.403,90.4607,3.85,71.22054,9.9,275.5,99.71158391559229,72.2
2010-05-01,0.0,0.54,0.06,0.04,0.352,0.16,0.2225,217.29,91.7014,3.42,65.55708,9.6,283.7,99.6888814956221,73.6
2010-06-01,0.54,0.16,0.1,0.0,0.3027272727272727,0.1236363636363636,0.1909090909090909,217.199,91.9033,3.2,63.384980000000006,9.4,284.3,99.6130997602488,76.0
2010-07-01,0.16,0.06,0.02,0.02,0.279047619047619,0.1576190476190476,0.2004761904761904,217.605,92.2549,3.01,63.66211,9.4,284.2,99.5493719824317,67.8
2010-08-01,0.06,0.1,0.04,0.12,0.2490909090909091,0.155,0.1913636363636363,217.923,92.5936,2.7,64.83236,9.5,281.8,99.5477096986602,68.9
2010-09-01,0.1,0.02,0.0,0.02,0.2471428571428571,0.1519047619047619,0.1933333333333333,218.275,92.8533,2.65,66.91848,9.5,285.8,99.6194880203936,68.2
2010-10-01,0.02,0.04,0.02,0.16,0.22,0.1345,0.1765,219.035,92.6033,2.54,70.07585999999999,9.4,284.1,99.7507565617335,67.7
2010-11-01,0.04,0.0,0.12,0.12,0.2425,0.143,0.182,219.59,92.6686,2.76,71.24583,9.8,282.1,99.92953829321242,71.6
2010-12-01,0.0,0.02,0.02,0.02,0.2804545454545454,0.1409090909090909,0.1931818181818181,220.472,93.5916,3.29,73.43909000000001,9.3,285.2,100.118590677277,74.5
2011-01-01,0.02,0.12,0.16,0.04,0.2615,0.152,0.1815,221.187,93.3889,3.39,75.83663,9.1,294.3,100.278297518497,74.2
2011-02-01,0.12,0.02,0.12,0.08,0.2715789473684211,0.1321052631578947,0.1684210526315789,221.898,93.0045,3.58,78.38195999999999,9.0,312.6,100.373701152797,77.5
2011-03-01,0.02,0.16,0.02,0.12,0.2404347826086956,0.1004347826086956,0.1560869565217391,223.046,93.9684,3.41,77.49942,9.0,324.7,100.369051772961,67.5
2011-04-01,0.16,0.12,0.04,0.04,0.2285,0.0584999999999999,0.1195,224.093,93.6571,3.46,79.34373000000001,9.1,332.0,100.261327971942,69.8
2011-05-01,0.12,0.02,0.08,0.08,0.1742857142857143,0.0409523809523809,0.0866666666666666,224.806,93.7723,3.17,78.79451999999999,9.0,331.8,100.061653501392,74.3
2011-06-01,0.02,0.04,0.12,0.0,0.1731818181818182,0.0372727272727272,0.1013636363636363,224.806,94.0493,3.0,75.94405,9.1,327.1,99.7931549495825,71.5
2011-07-01,0.04,0.08,0.04,0.0,0.175,0.0375,0.084,225.395,94.4958,3.0,77.6741,9.0,323.3,99.5066803646366,63.7
2011-08-01,0.08,0.12,0.08,0.1,0.108695652173913,0.0243478260869565,0.0621739130434782,226.106,95.0974,2.3,68.76671999999999,9.0,321.6,99.2679068469855,55.8
2011-09-01,0.12,0.04,0.0,0.28,0.0985714285714285,0.0138095238095238,0.0433333333333333,226.597,95.0244,1.98,66.55733000000001,9.0,323.3,99.1435618366394,59.5
2011-10-01,0.04,0.08,0.0,0.06,0.1075,0.019,0.0545,226.75,95.6891,2.15,67.9489,8.8,323.5,99.1635185969054,60.8
2011-11-01,0.08,0.0,0.1,0.1,0.105,0.014,0.0465,227.169,95.6778,2.01,68.64421,8.6,322.4,99.3079541738686,63.7
2011-12-01,0.0,0.0,0.28,0.14,0.108095238095238,0.0114285714285714,0.0485714285714285,227.223,96.1809,1.98,69.36818000000001,8.5,322.2,99.5251242707282,69.9
2012-01-01,0.0,0.1,0.06,0.22,0.109,0.0345,0.0655,227.842,96.7595,1.97,72.31305,8.3,325.6,99.7419584395872,75.0
2012-02-01,0.1,0.28,0.1,0.2,0.1535,0.092,0.124,228.329,97.0662,1.97,75.6142,8.3,331.2,99.8936996225142,75.3
2012-03-01,0.28,0.06,0.14,0.02,0.1822727272727272,0.084090909090909,0.1422727272727272,228.807,96.5609,2.17,76.48755,8.2,329.0,99.95334975830792,76.2
2012-04-01,0.06,0.1,0.22,0.04,0.1776190476190476,0.0838095238095238,0.139047619047619,229.187,97.251,2.05,75.34689,8.2,329.5,99.9251458143522,76.4
2012-05-01,0.1,0.14,0.2,0.0,0.1868181818181818,0.0895454545454545,0.1454545454545454,228.713,97.4595,1.8,72.17181,8.2,326.3,99.832285758275,79.3
2012-06-01,0.14,0.22,0.02,0.04,0.1833333333333333,0.0914285714285714,0.148095238095238,228.524,97.4768,1.62,70.76199,8.2,322.9,99.71552833393,73.2
2012-07-01,0.22,0.2,0.04,0.04,0.1804761904761904,0.0971428571428571,0.1457142857142857,228.59,97.6714,1.53,72.79951,8.2,315.0,99.6253582400173,72.3
2012-08-01,0.2,0.02,0.0,0.02,0.1791304347826087,0.1026086956521739,0.1404347826086956,229.918,97.2734,1.68,75.0352,8.1,312.8,99.5886131108018,74.3
2012-09-01,0.02,0.04,0.04,0.04,0.1710526315789473,0.1052631578947368,0.1373684210526315,231.015,97.2217,1.72,77.42225,7.8,312.7,99.61988524309342,78.3
2012-10-01,0.04,0.0,0.04,0.1,0.1733333333333333,0.1047619047619047,0.149047619047619,231.638,97.5311,1.75,77.60919,7.8,309.4,99.69377865559048,82.6
2012-11-01,0.0,0.04,0.02,0.08,0.1715,0.0935,0.1445,231.249,97.9084,1.65,76.13493000000001,7.7,311.2,99.7924743430951,82.7
2012-12-01,0.04,0.04,0.04,0.1,0.153,0.0699999999999999,0.1195,231.221,98.1884,1.72,78.39357,7.9,313.6,99.9173963904474,72.9
2013-01-01,0.04,0.02,0.1,0.14,0.1395238095238095,0.0742857142857142,0.1076190476190476,231.679,98.1736,1.91,81.92726,8.0,307.3,100.061848928628,73.8
2013-02-01,0.02,0.04,0.08,0.02,0.1521052631578947,0.0989473684210526,0.1242105263157894,232.937,98.6434,1.98,83.34364000000001,7.7,302.5,100.20932712644002,77.6
2013-03-01,0.04,0.1,0.1,0.0,0.142,0.087,0.1145,232.282,99.047,1.96,84.68098,7.5,300.2,100.333338792496,78.6
2013-04-01,0.1,0.08,0.14,0.2,0.1195454545454545,0.06,0.094090909090909,231.797,98.9445,1.76,85.15526,7.6,299.2,100.448296479678,76.4
2013-05-01,0.08,0.1,0.02,0.1,0.1136363636363636,0.044090909090909,0.0809090909090909,231.893,99.0383,1.93,88.4166,7.5,296.0,100.562041631487,84.5
2013-06-01,0.1,0.14,0.0,0.16,0.135,0.0505,0.0875,232.445,99.2221,2.3,86.20319,7.5,294.4,100.651604551815,84.1
2013-07-01,0.14,0.02,0.2,0.06,0.1163636363636363,0.0354545454545454,0.0736363636363636,232.9,98.8987,2.58,88.49967,7.3,296.8,100.705589090476,85.1
2013-08-01,0.02,0.0,0.1,0.0,0.12,0.0436363636363636,0.0718181818181818,233.456,99.4897,2.74,88.94305,7.2,299.2,100.736294401395,82.1
2013-09-01,0.0,0.2,0.16,0.0,0.1105,0.016,0.0415,233.544,100.021,2.81,90.11507,7.2,299.9,100.749387115372,77.5
2013-10-01,0.2,0.1,0.06,0.02,0.1140909090909091,0.0472727272727272,0.0759090909090909,233.669,99.9037,2.62,92.16814,7.2,298.2,100.754599465832,73.2
2013-11-01,0.1,0.16,0.0,0.04,0.1163157894736842,0.0678947368421052,0.0984210526315789,234.1,100.1582,2.72,94.64922,6.9,298.6,100.76010684602,75.1
2013-12-01,0.16,0.06,0.0,0.06,0.1271428571428571,0.0666666666666666,0.0952380952380952,234.719,100.374,2.9,95.09109,6.7,298.3,100.753591521929,82.5
2014-01-01,0.06,0.0,0.02,0.12,0.11,0.0433333333333333,0.069047619047619,235.288,99.9899,2.86,95.98233,6.6,299.5,100.740789961122,81.2
2014-02-01,0.0,0.0,0.04,0.08,0.111578947368421,0.0526315789473684,0.0810526315789473,235.547,100.7471,2.71,95.36447,6.7,299.8,100.75685055436,81.6
2014-03-01,0.0,0.02,0.06,0.06,0.1223809523809523,0.0523809523809523,0.0785714285714285,236.028,101.7435,2.72,97.53705,6.7,297.3,100.80293690612,80.0
2014-04-01,0.02,0.04,0.12,0.06,0.1033333333333333,0.0309523809523809,0.0533333333333333,236.468,101.8273,2.71,98.45526,6.2,297.3,100.860229808308,84.1
2014-05-01,0.04,0.06,0.08,0.02,0.0919047619047619,0.0323809523809523,0.0519047619047619,236.918,102.2392,2.56,99.72694,6.3,298.4,100.910070044009,81.9
2014-06-01,0.06,0.12,0.06,0.1,0.099047619047619,0.0357142857142857,0.0604761904761904,237.231,102.5774,2.6,102.1338,6.1,301.8,100.945427638307,82.5
2014-07-01,0.12,0.08,0.06,0.7,0.1027272727272727,0.0263636363636363,0.0595454545454545,237.498,102.7954,2.54,102.8774,6.2,297.1,100.962102376163,81.8
2014-08-01,0.08,0.06,0.02,0.82,0.0995238095238095,0.0328571428571428,0.0523809523809523,237.46,102.6322,2.42,101.5284,6.1,298.2,100.9626726755,82.5
2014-09-01,0.06,0.06,0.1,0.96,0.1009523809523809,0.02,0.0438095238095238,237.477,102.9417,2.53,102.3879,5.9,297.7,100.949404242234,84.6
2014-10-01,0.06,0.02,0.7,0.54,0.0968181818181818,0.0168181818181818,0.0504545454545454,237.43,102.9611,2.3,98.07211,5.7,298.3,100.917754229625,86.9
2014-11-01,0.02,0.1,0.82,0.6,0.1238888888888888,0.0216666666666666,0.0694444444444444,236.983,103.5978,2.33,102.2602,5.8,297.1,100.866598074878,88.8
2014-12-01,0.1,0.7,0.96,0.48,0.1981818181818182,0.029090909090909,0.1063636363636363,236.252,103.6151,2.21,101.3765,5.6,297.0,100.790494408314,93.6
2015-01-01,0.7,0.82,0.54,0.2,0.1825,0.0275,0.083,234.747,102.7923,1.88,100.0791,5.7,295.3,100.692833905464,98.1
2015-02-01,0.82,0.96,0.6,0.34,0.2094736842105263,0.0178947368421052,0.0710526315789473,235.342,102.1366,1.98,102.7756,5.5,290.6,100.58310642414,95.4
2015-03-01,0.96,0.54,0.48,0.38,0.2381818181818182,0.0277272727272727,0.11,235.976,101.7869,2.04,102.2537,5.4,284.0,100.475443438483,93.0
2015-04-01,0.54,0.6,0.2,0.84,0.2195454545454545,0.0231818181818181,0.0936363636363636,236.222,101.2255,1.94,103.8488,5.4,274.3,100.370507889091,95.9
2015-05-01,0.6,0.48,0.34,1.4,0.223,0.0165,0.0795,237.001,100.7675,2.2,104.4068,5.6,267.6,100.259799459637,90.7
2015-06-01,0.48,0.2,0.38,0.92,0.2572727272727272,0.015,0.0868181818181818,237.657,100.4588,2.36,103.1632,5.3,265.2,100.137203223741,96.1
2015-07-01,0.2,0.34,0.84,0.58,0.2781818181818182,0.0322727272727272,0.1159090909090909,238.034,101.0893,2.32,101.6938,5.2,265.2,99.9809028251596,93.1
2015-08-01,0.34,0.38,1.4,0.74,0.3576190476190476,0.0719047619047619,0.2161904761904761,238.033,100.9165,2.17,98.64014,5.1,260.9,99.8011041393404,91.9
2015-09-01,0.38,0.84,0.92,0.76,0.3547619047619048,0.0223809523809523,0.179047619047619,237.498,100.633,2.17,93.22412,5.0,257.9,99.626755222682,87.2
2015-10-01,0.84,1.4,0.58,0.42,0.2452380952380952,0.0152380952380952,0.1133333333333333,237.733,100.1563,2.07,96.70031,5.0,252.6,99.48231733301192,90.0
2015-11-01,1.4,0.92,0.74,0.42,0.4521052631578947,0.1247368421052631,0.3242105263157895,238.017,99.4366,2.26,97.66068,5.1,250.1,99.359959230642,91.3
2015-12-01,0.92,0.58,0.76,0.14,0.6268181818181818,0.2277272727272727,0.4890909090909091,237.761,98.9471,2.24,95.55367,5.0,247.6,99.25331993511892,92.6
2016-01-01,0.58,0.74,0.42,0.06,0.5210526315789474,0.2552631578947368,0.4257894736842105,237.652,99.4391,2.09,89.20781,4.8,248.7,99.16730673511591,92.0
2016-02-01,0.74,0.76,0.42,0.16,0.518,0.3125,0.4355,237.336,98.9232,1.78,88.24099,4.9,248.9,99.10924357160842,91.7
2016-03-01,0.76,0.42,0.14,0.14,0.6372727272727272,0.294090909090909,0.46,238.08,98.1635,1.89,94.19507,5.0,247.4,99.09004149219128,91.0
2016-04-01,0.42,0.42,0.06,0.2,0.5380952380952382,0.2280952380952381,0.3657142857142857,238.992,98.4775,1.81,96.83752,5.1,250.2,99.0905730914991,89.0
2016-05-01,0.42,0.14,0.16,0.2,0.5723809523809523,0.2742857142857143,0.409047619047619,239.557,98.2549,1.81,96.83658,4.8,264.9,99.09530250594352,94.7
2016-06-01,0.14,0.06,0.14,0.02,0.5354545454545454,0.2695454545454546,0.3963636363636364,240.222,98.7315,1.64,97.52459,4.9,264.1,99.0974784984332,93.5
2016-07-01,0.06,0.16,0.2,0.06,0.5,0.2975,0.394,240.101,98.8452,1.5,99.99921,4.8,267.3,99.11556337695922,90.0
2016-08-01,0.16,0.14,0.2,0.22,0.5526086956521739,0.297391304347826,0.4365217391304347,240.545,98.7427,1.56,101.048,4.9,262.3,99.1616758150791,89.8
2016-09-01,0.14,0.2,0.02,0.1,0.5766666666666667,0.2919047619047619,0.4614285714285714,241.176,98.6552,1.63,100.2302,5.0,259.2,99.2503501536108,91.2
2016-10-01,0.2,0.2,0.06,0.04,0.6405000000000001,0.3265,0.4695,241.741,98.7237,1.76,99.05186,4.9,253.1,99.37640714193132,87.2
2016-11-01,0.2,0.02,0.22,0.06,0.714,0.446,0.5740000000000001,242.026,98.3443,2.14,99.85423,4.7,253.5,99.5238134641154,93.8
2016-12-01,0.02,0.06,0.1,0.1,0.8357142857142857,0.5052380952380953,0.628095238095238,242.637,99.0406,2.49,103.8437,4.7,263.0,99.6717181062034,98.2
2017-01-01,0.06,0.22,0.04,0.14,0.7975000000000001,0.5115000000000001,0.607,243.618,98.8158,2.43,105.0235,4.7,270.7,99.7898780357674,98.5
2017-02-01,0.22,0.1,0.06,0.14,0.7931578947368422,0.5210526315789474,0.6431578947368422,244.006,98.4356,2.42,106.9744,4.6,279.6,99.8666286006274,96.3
2017-03-01,0.1,0.04,0.1,0.04,0.9817391304347826,0.7373913043478261,0.8665217391304347,243.892,99.0492,2.48,107.798,4.4,287.7,99.9029513391413,96.9
2017-04-01,0.04,0.06,0.14,0.02,1.0142105263157897,0.7984210526315789,0.9289473684210524,244.193,100.0416,2.3,107.2743,4.4,292.1,99.9144752827736,97.0
2017-05-01,0.06,0.1,0.14,0.06,1.0927272727272728,0.889090909090909,1.015,244.004,100.128,2.3,108.3879,4.4,292.5,99.9213151184682,97.1
2017-06-01,0.1,0.14,0.04,0.06,1.17,0.9827272727272728,1.0895454545454546,244.163,100.337,2.19,109.9261,4.3,288.3,99.93871303319467,95.0
2017-07-01,0.14,0.14,0.02,0.28,1.1915,1.067,1.1085,244.243,100.0865,2.32,111.1847,4.3,289.4,99.9726856569238,93.4
2017-08-01,0.14,0.04,0.06,0.12,1.1986956521739132,1.0143478260869565,1.1091304347826088,245.183,99.6323,2.21,110.9526,4.4,291.7,100.048724296915,96.8
2017-09-01,0.04,0.02,0.06,0.08,1.2485,1.0295,1.151,246.435,99.7482,2.2,112.8619,4.3,289.9,100.15892683632,95.1
2017-10-01,0.02,0.06,0.28,0.0,1.3595238095238096,1.0747619047619048,1.227142857142857,246.626,100.9893,2.36,115.6323,4.2,288.6,100.29078840501,100.7
2017-11-01,0.06,0.06,0.12,0.18,1.5147619047619048,1.2295238095238097,1.3623809523809522,247.284,101.2493,2.35,115.9486,4.2,288.1,100.426463647806,98.5
2017-12-01,0.06,0.28,0.08,0.06,1.6505,1.322,1.465,247.805,101.4871,2.4,119.0448,4.1,288.6,100.561402043797,95.9
2018-01-01,0.28,0.12,0.0,0.08,1.747142857142857,1.413333333333333,1.5895238095238096,248.859,101.4852,2.58,124.2432,4.0,296.6,100.695235964754,95.7
2018-02-01,0.12,0.08,0.18,0.02,1.903157894736842,1.5678947368421052,1.7473684210526317,249.529,101.7319,2.86,119.4891,4.1,288.9,100.816736668979,99.7
2018-03-01,0.08,0.0,0.06,0.28,1.998095238095238,1.6966666666666668,1.8704761904761904,249.577,102.1943,2.84,118.0817,4.0,306.5,100.89341869783,101.4
2018-04-01,0.0,0.18,0.08,0.24,2.0833333333333335,1.7576190476190474,1.9309523809523808,250.227,103.3551,2.87,117.4013,4.0,322.9,100.918248137843,98.8
2018-05-01,0.18,0.06,0.02,0.18,2.1963636363636363,1.864090909090909,2.023181818181818,250.792,102.381,2.98,118.3035,3.8,331.9,100.900759578562,98.0
2018-06-01,0.06,0.08,0.28,0.24,2.2485714285714287,1.8990476190476189,2.063809523809524,251.018,103.2256,2.91,118.5999,4.0,342.4,100.852184228948,98.2
2018-07-01,0.08,0.02,0.24,1.0,2.305238095238095,1.9571428571428573,2.1142857142857143,251.214,103.3561,2.89,119.5296,3.8,353.0,100.775477297116,97.9
2018-08-01,0.02,0.28,0.18,1.1,2.360434782608696,2.033913043478261,2.1865217391304346,251.663,104.0585,2.89,121.2815,3.8,362.2,100.673512462151,96.2
2018-09-01,0.28,0.24,0.24,0.68,2.468421052631579,2.126315789473684,2.285263157894737,252.182,104.1038,3.0,122.2612,3.7,366.6,100.531547282949,100.1
2018-10-01,0.24,0.18,1.0,0.7,2.557272727272727,2.249090909090909,2.395909090909091,252.772,103.9297,3.15,117.4184,3.8,362.7,100.344975274019,98.6
2018-11-01,0.18,0.24,1.1,0.42,2.604,2.3265,2.457,252.594,104.0126,3.12,115.5294,3.8,358.3,100.131093788459,97.5
2018-12-01,0.24,1.0,0.68,0.28,2.568947368421053,2.365789473684211,2.476842105263158,252.767,104.0451,2.83,108.7552,3.9,360.4,99.9124478409293,98.3
2019-01-01,1.0,1.1,0.7,0.38,2.4995238095238097,2.374285714285714,2.4466666666666668,252.561,103.3598,2.71,111.1662,4.0,356.9,99.71070851877847,91.2
2019-02-01,1.1,0.68,0.42,0.16,2.4694736842105263,2.3884210526315792,2.4426315789473687,253.319,102.8251,2.68,117.2234,3.8,352.5,99.5432722322208,93.8
2019-03-01,0.68,0.7,0.28,1.0,2.413333333333333,2.4023809523809527,2.4357142857142855,254.277,102.8361,2.57,118.283,3.8,351.1,99.4090306910869,98.4
2019-04-01,0.7,0.42,0.38,1.52,2.344761904761905,2.382857142857143,2.392857142857143,255.233,102.2748,2.53,121.0378,3.7,348.4,99.2858595409883,97.2
2019-05-01,0.42,0.28,0.16,0.4,2.2677272727272726,2.352727272727273,2.354090909090909,255.296,102.4176,2.4,118.6425,3.6,344.1,99.17064797213293,100.0
2019-06-01,0.28,0.38,1.0,0.54,1.9435,2.1704999999999997,2.108,255.213,102.5425,2.07,120.1735,3.6,340.2,99.0664383205323,98.2
2019-07-01,0.38,0.16,1.52,0.26,1.9077272727272727,2.0986363636363636,2.0286363636363633,255.802,102.0057,2.06,123.43,3.7,338.6,98.98084900473,98.4
2019-08-01,0.16,1.0,0.4,0.1,1.729090909090909,1.9495454545454545,1.8786363636363637,256.036,102.7814,1.63,118.284,3.6,340.2,98.9252882079398,89.8
2019-09-01,1.0,1.52,0.54,100.0,1.752,1.8945,1.8435,256.43,102.4601,1.7,121.7589,3.5,343.9,98.9260660204373,93.2
2019-10-01,1.52,0.4,0.26,100.0,1.5677272727272729,1.6468181818181815,1.6245454545454547,257.155,101.5878,1.71,121.3509,3.6,343.2,98.9779717186002,95.5
2019-11-01,0.4,0.54,0.1,0.08,1.5273684210526317,1.5421052631578949,1.5489473684210526,257.879,102.1494,1.81,125.887,3.6,336.2,99.0576327828042,96.8
2019-12-01,0.54,0.26,100.0,0.12,1.5085714285714285,1.5352380952380953,1.541904761904762,258.63,101.9421,1.86,128.5203,3.6,332.7,99.1318278426168,99.3
2020-01-01,0.26,0.1,100.0,0.02,1.4933333333333334,1.5223809523809524,1.5233333333333334,259.127,101.3372,1.76,130.9052,3.6,334.7,99.1610719981988,99.8
2020-02-01,0.1,100.0,0.08,0.0,1.3726315789473684,1.5152631578947369,1.471578947368421,259.25,101.6718,1.5,128.6936,3.5,336.9,99.11575317605,101.0
2020-03-01,100.0,100.0,0.12,0.0,0.3222727272727272,0.2863636363636364,0.2927272727272727,258.076,97.606,0.87,100.458,4.4,338.9,97.6983435556514,89.1
2020-04-01,100.0,0.08,0.02,0.04,0.1833333333333333,0.1380952380952381,0.169047619047619,256.032,84.6812,0.66,101.8041,14.8,334.7,92.8431201386027,71.8
2020-05-01,0.08,0.12,0.0,0.22,0.1615,0.1275,0.1535,255.802,86.0108,0.67,105.6555,13.2,330.6,94.3994597291978,72.3
2020-06-01,0.12,0.02,0.0,0.02,0.1763636363636363,0.1595454545454545,0.18,257.042,91.6745,0.73,113.1662,11.0,323.9,96.218527501814,78.1
2020-07-01,0.02,0.0,0.04,0.0,0.1454545454545454,0.1268181818181818,0.1413636363636363,258.352,95.0037,0.62,115.0943,10.2,324.9,97.8151491124478,72.5
2020-08-01,0.0,0.0,0.22,0.0,0.1304761904761905,0.1042857142857142,0.1195238095238095,259.316,95.9294,0.65,120.638,8.4,322.8,98.5085891289736,74.1
2020-09-01,0.0,0.04,0.02,0.0,0.1276190476190476,0.1085714285714285,0.1185714285714285,259.997,95.8914,0.68,119.7456,7.8,322.8,98.8112684830905,80.4
2020-10-01,0.04,0.22,0.0,0.16,0.1266666666666666,0.1004761904761904,0.1138095238095238,260.319,96.5256,0.79,121.4711,6.9,328.0,99.18323576154292,81.8
2020-11-01,0.22,0.02,0.0,0.12,0.1173684210526315,0.0910526315789473,0.1021052631578947,260.911,96.9529,0.87,128.248,6.7,336.9,99.586374941242,76.9
2020-12-01,0.02,0.0,0.0,0.02,0.1004545454545454,0.0872727272727272,0.0927272727272727,262.045,98.2039,0.93,134.5941,6.7,340.1,100.004955013212,80.7
2021-01-01,0.0,0.0,0.16,0.04,0.1005263157894736,0.0836842105263157,0.0921052631578947,262.639,98.8135,1.08,138.8357,6.4,354.7,100.372700531948,79.0
2021-02-01,0.0,0.0,0.12,0.52,0.0726315789473684,0.0426315789473684,0.0568421052631578,263.573,95.5072,1.26,142.3429,6.2,370.8,100.731684362847,76.8
2021-03-01,0.0,0.16,0.02,0.54,0.0747826086956521,0.0313043478260869,0.0526086956521739,264.847,98.1929,1.61,144.9649,6.1,387.2,101.035950311377,84.9
2021-04-01,0.16,0.12,0.04,0.02,0.0604545454545454,0.0209090909090909,0.039090909090909,266.625,98.3317,1.64,150.286,6.1,407.4,101.264326431838,88.3
2021-05-01,0.12,0.02,0.52,0.06,0.0495,0.018,0.0355,268.404,99.1867,1.62,153.5066,5.8,433.3,101.331767147435,82.9
2021-06-01,0.02,0.04,0.54,0.24,0.0659090909090909,0.0359090909090909,0.05,270.71,99.6483,1.52,155.2178,5.9,472.2,101.335497994662,85.5
2021-07-01,0.04,0.52,0.02,0.14,0.0728571428571428,0.0523809523809523,0.0533333333333333,271.965,100.0668,1.32,154.7849,5.4,516.004,101.292429499809,81.2
2021-08-01,0.52,0.54,0.06,0.02,0.0718181818181818,0.0545454545454545,0.0554545454545454,272.752,100.0412,1.28,156.6078,5.1,523.262,101.231296117502,70.3
2021-09-01,0.54,0.02,0.24,0.08,0.0738095238095238,0.0419047619047619,0.0523809523809523,273.942,98.9955,1.37,155.121,4.7,550.516,101.184427500993,72.8
2021-10-01,0.02,0.06,0.14,0.16,0.1035,0.052,0.0615,276.528,100.3542,1.58,156.8541,4.5,567.474,101.155386184968,71.7
2021-11-01,0.06,0.24,0.02,0.38,0.1669999999999999,0.0515,0.073,278.824,101.2684,1.56,159.9428,4.2,605.206,101.131160377756,67.4
2021-12-01,0.24,0.14,0.08,0.26,0.2845454545454545,0.06,0.1459090909090909,280.806,101.1948,1.47,157.3382,3.9,619.251,101.08401634153,70.6
2022-01-01,0.14,0.02,0.16,0.02,0.528,0.1495,0.3275,282.542,101.2146,1.76,158.1003,4.0,627.112,100.989967489912,67.2
2022-02-01,0.02,0.08,0.38,0.06,0.9678947368421053,0.3257894736842106,0.6378947368421052,284.525,101.8458,1.93,155.2735,3.8,640.992,100.842622526255,62.8
2022-03-01,0.08,0.16,0.26,0.14,1.2765217391304349,0.4434782608695652,0.8317391304347825,287.467,102.6732,2.13,152.9557,3.7,618.194,100.632600505235,59.4
2022-04-01,0.16,0.38,0.02,0.28,1.8075,0.763,1.2345000000000002,288.582,102.9024,2.75,153.5939,3.7,619.181,100.363008665625,65.2
2022-05-01,0.38,0.26,0.06,0.74,1.9704761904761905,0.9833333333333332,1.450952380952381,291.299,102.9659,2.9,144.4183,3.6,637.916,100.042797028596,58.4
2022-06-01,0.26,0.02,0.14,0.82,2.548095238095238,1.4947619047619047,2.105714285714286,295.072,102.8224,3.14,139.7295,3.6,638.116,99.7210053307944,50.0
2022-07-01,0.02,0.06,0.28,0.08,2.913,2.2325,2.7645,294.94,103.0505,2.9,137.4874,3.5,636.202,99.44712987447848,51.5
2022-08-01,0.06,0.14,0.74,0.2,3.155652173913043,2.6308695652173912,3.0456521739130435,295.162,103.1703,2.9,144.2186,3.6,629.63,99.23560426599693,58.2
2022-09-01,0.14,0.28,0.82,0.24,3.7295238095238097,3.1266666666666665,3.6261904761904766,296.421,103.5326,3.52,135.1335,3.5,605.886,99.070604449554,58.6
2022-10-01,0.28,0.74,0.08,0.24,4.2325,3.717,4.1755,297.979,103.4442,3.98,131.9779,3.6,592.008,98.9389169756509,59.9
2022-11-01,0.74,0.82,0.2,0.22,4.512,4.1515,4.4825,298.708,103.1058,3.89,142.0909,3.6,586.224,98.8334252573341,56.7
2022-12-01,0.82,0.08,0.24,0.16,4.47047619047619,4.252380952380952,4.550476190476191,298.808,101.8266,3.62,143.19299999999998,3.5,568.119,98.75856461538427,59.8
2023-01-01,0.08,0.2,0.24,0.04,4.486,4.5375,4.6655,300.456,102.7476,3.53,147.018,3.5,562.344,98.707407214732,64.9
2023-02-01,0.2,0.24,0.22,0.06,4.696315789473684,4.654736842105263,4.81,301.476,102.8003,3.75,148.2392,3.6,536.577,98.66174493376958,66.9
2023-03-01,0.24,0.24,0.16,0.1,4.469130434782608,4.691739130434782,4.769130434782609,301.643,102.8143,3.66,141.1346,3.5,536.061,98.6303038945128,62.0
2023-04-01,0.24,0.22,0.04,0.24,4.476,4.9245,4.792,302.858,103.2241,3.46,145.1761,3.4,533.877,98.635562256656,63.7
2023-05-01,0.22,0.16,0.06,0.06,4.690909090909091,5.135454545454546,5.0249999999999995,303.316,102.9809,3.57,142.4708,3.6,538.022,98.68225593808322,59.0
2023-06-01,0.16,0.04,0.1,0.18,4.983809523809524,5.158095238095238,5.191904761904762,304.099,102.3809,3.75,145.8344,3.6,511.555,98.7679233079409,64.2
2023-07-01,0.04,0.06,0.24,0.58,5.096500000000001,5.254,5.268,304.615,103.0722,3.9,150.752,3.5,496.886,98.8603316554364,71.5
2023-08-01,0.06,0.1,0.06,0.04,5.0947826086956525,5.2965217391304344,5.2843478260869565,306.138,103.0951,4.17,149.6734,3.7,490.231,98.935417489146,69.4
2023-09-01,0.1,0.24,0.18,0.3,5.151,5.3195,5.3055,307.374,103.3081,4.38,147.9842,3.8,481.454,98.991701802404,67.8
2023-10-01,0.24,0.06,0.58,0.2,5.145238095238095,5.335238095238095,5.330952380952381,307.653,102.5781,4.8,141.8852,3.9,480.675,99.0398432530995,63.8
2023-11-01,0.06,0.18,0.04,0.04,5.0095238095238095,5.2700000000000005,5.2352380952380955,308.087,102.8868,4.5,146.6592,3.7,481.505,99.10866189225392,61.3
2023-12-01,0.18,0.58,0.3,0.22,4.718500000000001,5.2415,5.119,308.735,102.6309,4.02,154.8774,3.8,477.581,99.2120721046996,69.7
2024-01-01,0.58,0.04,0.2,0.44,4.567619047619048,5.2247619047619045,5.021428571428571,309.794,101.483,4.06,157.3779,3.7,488.551,99.34104941070473,79.0
2024-02-01,0.04,0.3,0.04,0.26,4.6850000000000005,5.2385,5.0885,311.022,102.7267,4.21,162.4479,3.9,494.825,99.475011397047,76.9
2024-03-01,0.3,0.2,0.22,0.24,4.7555,5.239,5.112,312.107,102.5186,4.21,168.4436,3.9,481.61,99.5866236195494,79.4
2024-04-01,0.2,0.04,0.44,0.2,4.891363636363637,5.241363636363636,5.1486363636363635,313.016,102.3568,4.54,166.7338,3.9,472.665,99.6510079602342,77.2
2024-05-01,0.04,0.22,0.26,0.16,4.912727272727273,5.252727272727273,5.165909090909091,313.14,102.9797,4.48,169.2566,4.0,472.43,99.673561817603,69.1
2024-06-01,0.22,0.44,0.24,0.08,4.869473684210526,5.24421052631579,5.145789473684211,313.131,103.2534,4.31,168.4892,4.1,463.755,99.68119342203828,68.2
2024-07-01,0.44,0.26,0.2,0.26,4.679090909090909,5.199545454545454,5.012727272727273,313.566,102.5192,4.25,172.0642,4.2,463.072,99.71181503043042,66.4
2024-08-01,0.26,0.24,0.16,0.1,4.249545454545455,5.047272727272728,4.742272727272727,314.131,103.0196,3.87,174.2961,4.2,456.97,99.7866838910055,67.9
2024-09-01,0.24,0.2,0.08,0.14,3.8745,4.7219999999999995,4.417,314.851,102.5954,3.72,179.6647,4.1,450.896,99.9068581643454,70.1
2024-10-01,0.2,0.16,0.26,0.46,4.025454545454545,4.510454545454546,4.301818181818182,315.564,102.2138,4.1,183.3279,4.1,452.235,100.052038536417,70.5
2024-11-01,0.16,0.08,0.1,1.64,4.144210526315789,4.4184210526315795,4.306842105263158,316.449,101.9503,4.36,186.0236,4.2,452.295,100.197832883935,71.8
2024-12-01,0.08,0.26,0.14,,4.05,4.270476190476191,4.186190476190476,317.603,103.0447,4.39,183.487,4.1,448.686,100.309170837853,74.0
2025-01-01,0.26,0.1,0.46,,4.003333333333333,4.21,4.150952380952381,319.086,102.8805,4.63,183.0461,4.0,442.76,100.359412349143,71.7
2025-02-01,0.1,0.14,1.64,,4.013684210526316,4.21578947368421,4.187368421052632,319.775,103.9397,4.45,187.7849,4.1,439.469,100.354060514967,64.7
2025-03-01,0.14,0.46,,,3.897619047619047,4.199523809523809,4.097142857142858,319.615,103.6682,4.28,182.063,4.2,456.503,100.318776516161,57.0
2025-04-01,0.46,1.64,,,3.798571428571429,4.209047619047619,4.048095238095239,320.321,103.6912,4.28,173.0038,4.2,477.283,100.298363484951,52.2
2025-05-01,1.64,,,,3.920952380952381,4.247142857142857,4.126666666666667,320.58,103.6602,4.42,183.3964,4.2,483.349,100.340197303723,52.2
